city,date,percentage_full,shelter_program_with_space,total_shelter_program
Etobicoke,2023-01-01T00:00:00Z,100,0,1
Etobicoke,2023-01-02T00:00:00Z,100,0,1
Etobicoke,2023-01-03T00:00:00Z,100,0,1
Etobicoke,2023-01-04T00:00:00Z,100,0,1
Etobicoke,2023-01-05T00:00:00Z,100,0,1
Etobicoke,2023-01-06T00:00:00Z,100,0,1
Etobicoke,2023-01-07T00:00:00Z,100,0,1
Etobicoke,2023-01-08T00:00:00Z,100,0,1
Etobicoke,2023-01-09T00:00:00Z,100,0,1
Etobicoke,2023-01-10T00:00:00Z,100,0,1
Etobicoke,2023-01-11T00:00:00Z,100,0,1
Etobicoke,2023-01-12T00:00:00Z,100,0,1
Etobicoke,2023-01-13T00:00:00Z,100,0,1
Etobicoke,2023-01-14T00:00:00Z,100,0,1
Etobicoke,2023-01-15T00:00:00Z,100,0,1
Etobicoke,2023-01-16T00:00:00Z,100,0,1
Etobicoke,2023-01-17T00:00:00Z,100,0,1
Etobicoke,2023-01-18T00:00:00Z,100,0,1
Etobicoke,2023-01-19T00:00:00Z,100,0,1
Etobicoke,2023-01-20T00:00:00Z,0,1,1
Etobicoke,2023-01-21T00:00:00Z,100,0,1
Etobicoke,2023-01-22T00:00:00Z,100,0,1
Etobicoke,2023-01-23T00:00:00Z,100,0,1
Etobicoke,2023-01-24T00:00:00Z,100,0,1
Etobicoke,2023-01-25T00:00:00Z,100,0,1
Etobicoke,2023-01-26T00:00:00Z,100,0,1
Etobicoke,2023-01-27T00:00:00Z,100,0,1
Etobicoke,2023-01-28T00:00:00Z,100,0,1
Etobicoke,2023-01-29T00:00:00Z,100,0,1
Etobicoke,2023-01-30T00:00:00Z,100,0,1
Etobicoke,2023-01-31T00:00:00Z,100,0,1
Etobicoke,2023-02-01T00:00:00Z,100,0,1
Etobicoke,2023-02-02T00:00:00Z,100,0,1
Etobicoke,2023-02-03T00:00:00Z,100,0,1
Etobicoke,2023-02-04T00:00:00Z,100,0,1
Etobicoke,2023-02-05T00:00:00Z,100,0,1
Etobicoke,2023-02-06T00:00:00Z,100,0,1
Etobicoke,2023-02-07T00:00:00Z,100,0,1
Etobicoke,2023-02-08T00:00:00Z,100,0,1
Etobicoke,2023-02-09T00:00:00Z,100,0,1
Etobicoke,2023-02-10T00:00:00Z,100,0,1
Etobicoke,2023-02-11T00:00:00Z,100,0,1
Etobicoke,2023-02-12T00:00:00Z,100,0,1
Etobicoke,2023-02-13T00:00:00Z,100,0,1
Etobicoke,2023-02-14T00:00:00Z,100,0,1
Etobicoke,2023-02-15T00:00:00Z,100,0,1
Etobicoke,2023-02-16T00:00:00Z,100,0,1
Etobicoke,2023-02-17T00:00:00Z,100,0,1
Etobicoke,2023-02-18T00:00:00Z,100,0,1
Etobicoke,2023-02-19T00:00:00Z,100,0,1
Etobicoke,2023-02-20T00:00:00Z,100,0,1
Etobicoke,2023-02-21T00:00:00Z,100,0,1
Etobicoke,2023-02-22T00:00:00Z,100,0,1
Etobicoke,2023-02-23T00:00:00Z,100,0,1
Etobicoke,2023-02-24T00:00:00Z,100,0,1
Etobicoke,2023-02-25T00:00:00Z,100,0,1
Etobicoke,2023-02-26T00:00:00Z,100,0,1
Etobicoke,2023-02-27T00:00:00Z,100,0,1
Etobicoke,2023-02-28T00:00:00Z,100,0,1
Etobicoke,2023-03-01T00:00:00Z,100,0,1
Etobicoke,2023-03-02T00:00:00Z,100,0,1
Etobicoke,2023-03-03T00:00:00Z,100,0,1
Etobicoke,2023-03-04T00:00:00Z,100,0,1
Etobicoke,2023-03-05T00:00:00Z,100,0,1
Etobicoke,2023-03-06T00:00:00Z,100,0,1
Etobicoke,2023-03-07T00:00:00Z,100,0,1
Etobicoke,2023-03-08T00:00:00Z,100,0,1
Etobicoke,2023-03-09T00:00:00Z,100,0,1
Etobicoke,2023-03-10T00:00:00Z,100,0,1
Etobicoke,2023-03-11T00:00:00Z,100,0,1
Etobicoke,2023-03-12T00:00:00Z,100,0,1
Etobicoke,2023-03-13T00:00:00Z,100,0,1
Etobicoke,2023-03-14T00:00:00Z,100,0,1
Etobicoke,2023-03-15T00:00:00Z,100,0,1
Etobicoke,2023-03-16T00:00:00Z,100,0,1
Etobicoke,2023-03-17T00:00:00Z,100,0,1
Etobicoke,2023-03-18T00:00:00Z,100,0,1
Etobicoke,2023-03-19T00:00:00Z,100,0,1
Etobicoke,2023-03-20T00:00:00Z,100,0,1
Etobicoke,2023-03-21T00:00:00Z,100,0,1
Etobicoke,2023-03-22T00:00:00Z,100,0,1
Etobicoke,2023-03-23T00:00:00Z,100,0,1
Etobicoke,2023-03-24T00:00:00Z,100,0,1
Etobicoke,2023-03-25T00:00:00Z,100,0,1
Etobicoke,2023-03-26T00:00:00Z,100,0,1
Etobicoke,2023-03-27T00:00:00Z,100,0,1
Etobicoke,2023-03-28T00:00:00Z,100,0,1
Etobicoke,2023-03-29T00:00:00Z,100,0,1
Etobicoke,2023-03-30T00:00:00Z,100,0,1
Etobicoke,2023-03-31T00:00:00Z,100,0,1
Etobicoke,2023-04-01T00:00:00Z,100,0,1
Etobicoke,2023-04-02T00:00:00Z,100,0,1
Etobicoke,2023-04-03T00:00:00Z,100,0,1
Etobicoke,2023-04-04T00:00:00Z,100,0,1
Etobicoke,2023-04-05T00:00:00Z,100,0,1
Etobicoke,2023-04-06T00:00:00Z,100,0,1
Etobicoke,2023-04-07T00:00:00Z,100,0,1
Etobicoke,2023-04-08T00:00:00Z,100,0,1
Etobicoke,2023-04-09T00:00:00Z,100,0,1
Etobicoke,2023-04-10T00:00:00Z,100,0,1
Etobicoke,2023-04-11T00:00:00Z,100,0,1
Etobicoke,2023-04-12T00:00:00Z,100,0,1
Etobicoke,2023-04-13T00:00:00Z,100,0,1
Etobicoke,2023-04-14T00:00:00Z,100,0,1
Etobicoke,2023-04-15T00:00:00Z,100,0,1
Etobicoke,2023-04-16T00:00:00Z,100,0,1
Etobicoke,2023-04-17T00:00:00Z,100,0,1
Etobicoke,2023-04-18T00:00:00Z,100,0,1
Etobicoke,2023-04-19T00:00:00Z,100,0,1
Etobicoke,2023-04-20T00:00:00Z,100,0,1
Etobicoke,2023-04-21T00:00:00Z,100,0,1
Etobicoke,2023-04-22T00:00:00Z,100,0,1
Etobicoke,2023-04-23T00:00:00Z,100,0,1
Etobicoke,2023-04-24T00:00:00Z,100,0,1
Etobicoke,2023-04-25T00:00:00Z,100,0,1
Etobicoke,2023-04-26T00:00:00Z,100,0,1
Etobicoke,2023-04-27T00:00:00Z,100,0,1
Etobicoke,2023-04-28T00:00:00Z,100,0,1
Etobicoke,2023-04-29T00:00:00Z,100,0,1
Etobicoke,2023-04-30T00:00:00Z,100,0,1
Etobicoke,2023-05-01T00:00:00Z,100,0,1
Etobicoke,2023-05-02T00:00:00Z,100,0,1
Etobicoke,2023-05-03T00:00:00Z,100,0,1
Etobicoke,2023-05-04T00:00:00Z,100,0,1
Etobicoke,2023-05-05T00:00:00Z,100,0,1
Etobicoke,2023-05-06T00:00:00Z,100,0,1
Etobicoke,2023-05-07T00:00:00Z,100,0,1
Etobicoke,2023-05-08T00:00:00Z,100,0,1
Etobicoke,2023-05-09T00:00:00Z,100,0,1
Etobicoke,2023-05-10T00:00:00Z,100,0,1
Etobicoke,2023-05-11T00:00:00Z,100,0,1
Etobicoke,2023-05-12T00:00:00Z,100,0,1
Etobicoke,2023-05-13T00:00:00Z,100,0,1
Etobicoke,2023-05-14T00:00:00Z,100,0,1
Etobicoke,2023-05-15T00:00:00Z,100,0,1
Etobicoke,2023-05-16T00:00:00Z,100,0,1
Etobicoke,2023-05-17T00:00:00Z,100,0,1
Etobicoke,2023-05-18T00:00:00Z,100,0,1
Etobicoke,2023-05-19T00:00:00Z,100,0,1
Etobicoke,2023-05-20T00:00:00Z,100,0,1
Etobicoke,2023-05-21T00:00:00Z,100,0,1
Etobicoke,2023-05-22T00:00:00Z,100,0,1
Etobicoke,2023-05-23T00:00:00Z,100,0,1
Etobicoke,2023-05-24T00:00:00Z,100,0,1
Etobicoke,2023-05-25T00:00:00Z,100,0,1
Etobicoke,2023-05-26T00:00:00Z,100,0,1
Etobicoke,2023-05-27T00:00:00Z,100,0,1
Etobicoke,2023-05-28T00:00:00Z,100,0,1
Etobicoke,2023-05-29T00:00:00Z,100,0,1
Etobicoke,2023-05-30T00:00:00Z,100,0,1
Etobicoke,2023-05-31T00:00:00Z,100,0,1
Etobicoke,2023-06-01T00:00:00Z,100,0,1
Etobicoke,2023-06-02T00:00:00Z,100,0,1
Etobicoke,2023-06-03T00:00:00Z,100,0,1
Etobicoke,2023-06-04T00:00:00Z,100,0,1
Etobicoke,2023-06-05T00:00:00Z,100,0,1
Etobicoke,2023-06-06T00:00:00Z,100,0,1
Etobicoke,2023-06-07T00:00:00Z,100,0,1
Etobicoke,2023-06-08T00:00:00Z,100,0,1
Etobicoke,2023-06-09T00:00:00Z,100,0,1
Etobicoke,2023-06-10T00:00:00Z,100,0,1
Etobicoke,2023-06-11T00:00:00Z,100,0,1
Etobicoke,2023-06-12T00:00:00Z,100,0,1
Etobicoke,2023-06-13T00:00:00Z,100,0,1
Etobicoke,2023-06-14T00:00:00Z,100,0,1
Etobicoke,2023-06-15T00:00:00Z,100,0,1
Etobicoke,2023-06-16T00:00:00Z,100,0,1
Etobicoke,2023-06-17T00:00:00Z,100,0,1
Etobicoke,2023-06-18T00:00:00Z,100,0,1
Etobicoke,2023-06-19T00:00:00Z,100,0,1
Etobicoke,2023-06-20T00:00:00Z,100,0,1
Etobicoke,2023-06-21T00:00:00Z,100,0,1
Etobicoke,2023-06-22T00:00:00Z,100,0,1
Etobicoke,2023-06-23T00:00:00Z,100,0,1
Etobicoke,2023-06-24T00:00:00Z,100,0,1
Etobicoke,2023-06-25T00:00:00Z,100,0,1
Etobicoke,2023-06-26T00:00:00Z,100,0,1
Etobicoke,2023-06-27T00:00:00Z,100,0,1
Etobicoke,2023-06-28T00:00:00Z,100,0,1
Etobicoke,2023-06-29T00:00:00Z,100,0,1
Etobicoke,2023-06-30T00:00:00Z,100,0,1
Etobicoke,2023-07-01T00:00:00Z,100,0,1
Etobicoke,2023-07-02T00:00:00Z,100,0,1
Etobicoke,2023-07-03T00:00:00Z,100,0,1
Etobicoke,2023-07-04T00:00:00Z,100,0,1
Etobicoke,2023-07-05T00:00:00Z,100,0,1
Etobicoke,2023-07-06T00:00:00Z,100,0,1
Etobicoke,2023-07-07T00:00:00Z,100,0,1
Etobicoke,2023-07-08T00:00:00Z,100,0,1
Etobicoke,2023-07-09T00:00:00Z,100,0,1
Etobicoke,2023-07-10T00:00:00Z,100,0,1
Etobicoke,2023-07-11T00:00:00Z,100,0,1
Etobicoke,2023-07-12T00:00:00Z,100,0,1
Etobicoke,2023-07-13T00:00:00Z,100,0,1
Etobicoke,2023-07-14T00:00:00Z,100,0,1
Etobicoke,2023-07-15T00:00:00Z,100,0,1
Etobicoke,2023-07-16T00:00:00Z,100,0,1
Etobicoke,2023-07-17T00:00:00Z,100,0,1
Etobicoke,2023-07-18T00:00:00Z,100,0,1
Etobicoke,2023-07-19T00:00:00Z,100,0,1
Etobicoke,2023-07-20T00:00:00Z,100,0,1
Etobicoke,2023-07-21T00:00:00Z,100,0,1
Etobicoke,2023-07-22T00:00:00Z,100,0,1
Etobicoke,2023-07-23T00:00:00Z,100,0,1
Etobicoke,2023-07-24T00:00:00Z,100,0,1
Etobicoke,2023-07-25T00:00:00Z,100,0,1
Etobicoke,2023-07-26T00:00:00Z,100,0,1
Etobicoke,2023-07-27T00:00:00Z,100,0,1
Etobicoke,2023-07-28T00:00:00Z,100,0,1
Etobicoke,2023-07-29T00:00:00Z,100,0,1
Etobicoke,2023-07-30T00:00:00Z,100,0,1
Etobicoke,2023-07-31T00:00:00Z,100,0,1
Etobicoke,2023-08-01T00:00:00Z,100,0,1
Etobicoke,2023-08-02T00:00:00Z,100,0,1
Etobicoke,2023-08-03T00:00:00Z,100,0,1
Etobicoke,2023-08-04T00:00:00Z,100,0,1
Etobicoke,2023-08-05T00:00:00Z,100,0,1
Etobicoke,2023-08-06T00:00:00Z,100,0,1
Etobicoke,2023-08-07T00:00:00Z,100,0,1
Etobicoke,2023-08-08T00:00:00Z,100,0,1
Etobicoke,2023-08-09T00:00:00Z,100,0,1
Etobicoke,2023-08-10T00:00:00Z,100,0,1
Etobicoke,2023-08-11T00:00:00Z,100,0,1
Etobicoke,2023-08-12T00:00:00Z,100,0,1
Etobicoke,2023-08-13T00:00:00Z,100,0,1
Etobicoke,2023-08-14T00:00:00Z,100,0,1
Etobicoke,2023-08-15T00:00:00Z,100,0,1
Etobicoke,2023-08-16T00:00:00Z,100,0,1
Etobicoke,2023-08-17T00:00:00Z,100,0,1
Etobicoke,2023-08-18T00:00:00Z,100,0,1
Etobicoke,2023-08-19T00:00:00Z,100,0,1
Etobicoke,2023-08-20T00:00:00Z,100,0,1
Etobicoke,2023-08-21T00:00:00Z,100,0,1
Etobicoke,2023-08-22T00:00:00Z,100,0,1
Etobicoke,2023-08-23T00:00:00Z,100,0,1
Etobicoke,2023-08-24T00:00:00Z,100,0,1
Etobicoke,2023-08-25T00:00:00Z,100,0,1
Etobicoke,2023-08-26T00:00:00Z,100,0,1
Etobicoke,2023-08-27T00:00:00Z,100,0,1
Etobicoke,2023-08-28T00:00:00Z,100,0,1
Etobicoke,2023-08-29T00:00:00Z,100,0,1
Etobicoke,2023-08-30T00:00:00Z,100,0,1
Etobicoke,2023-08-31T00:00:00Z,100,0,1
Etobicoke,2023-09-01T00:00:00Z,100,0,1
Etobicoke,2023-09-02T00:00:00Z,100,0,1
Etobicoke,2023-09-03T00:00:00Z,100,0,1
Etobicoke,2023-09-04T00:00:00Z,100,0,1
Etobicoke,2023-09-05T00:00:00Z,100,0,1
Etobicoke,2023-09-06T00:00:00Z,100,0,1
Etobicoke,2023-09-07T00:00:00Z,100,0,1
Etobicoke,2023-09-08T00:00:00Z,100,0,1
Etobicoke,2023-09-09T00:00:00Z,100,0,1
Etobicoke,2023-09-10T00:00:00Z,100,0,1
Etobicoke,2023-09-11T00:00:00Z,100,0,1
Etobicoke,2023-09-12T00:00:00Z,100,0,1
Etobicoke,2023-09-13T00:00:00Z,100,0,1
Etobicoke,2023-09-14T00:00:00Z,100,0,1
Etobicoke,2023-09-15T00:00:00Z,100,0,1
Etobicoke,2023-09-16T00:00:00Z,100,0,1
Etobicoke,2023-09-17T00:00:00Z,100,0,1
Etobicoke,2023-09-18T00:00:00Z,100,0,1
Etobicoke,2023-09-19T00:00:00Z,100,0,1
Etobicoke,2023-09-20T00:00:00Z,100,0,1
Etobicoke,2023-09-21T00:00:00Z,100,0,1
Etobicoke,2023-09-22T00:00:00Z,100,0,1
Etobicoke,2023-09-23T00:00:00Z,100,0,1
Etobicoke,2023-09-24T00:00:00Z,100,0,1
Etobicoke,2023-09-25T00:00:00Z,100,0,1
Etobicoke,2023-09-26T00:00:00Z,100,0,1
Etobicoke,2023-09-27T00:00:00Z,100,0,1
Etobicoke,2023-09-28T00:00:00Z,100,0,1
Etobicoke,2023-09-29T00:00:00Z,100,0,1
Etobicoke,2023-09-30T00:00:00Z,100,0,1
Etobicoke,2023-10-01T00:00:00Z,100,0,1
Etobicoke,2023-10-02T00:00:00Z,100,0,1
Etobicoke,2023-10-03T00:00:00Z,100,0,1
Etobicoke,2023-10-04T00:00:00Z,100,0,1
Etobicoke,2023-10-05T00:00:00Z,100,0,1
Etobicoke,2023-10-06T00:00:00Z,100,0,1
Etobicoke,2023-10-07T00:00:00Z,100,0,1
Etobicoke,2023-10-08T00:00:00Z,100,0,1
Etobicoke,2023-10-09T00:00:00Z,100,0,1
Etobicoke,2023-10-10T00:00:00Z,100,0,1
Etobicoke,2023-10-11T00:00:00Z,100,0,1
Etobicoke,2023-10-12T00:00:00Z,100,0,1
Etobicoke,2023-10-13T00:00:00Z,100,0,1
Etobicoke,2023-10-14T00:00:00Z,100,0,1
Etobicoke,2023-10-15T00:00:00Z,100,0,1
Etobicoke,2023-10-16T00:00:00Z,100,0,1
Etobicoke,2023-10-17T00:00:00Z,100,0,1
Etobicoke,2023-10-18T00:00:00Z,100,0,1
Etobicoke,2023-10-19T00:00:00Z,100,0,1
Etobicoke,2023-10-20T00:00:00Z,100,0,1
Etobicoke,2023-10-21T00:00:00Z,100,0,1
Etobicoke,2023-10-22T00:00:00Z,100,0,1
Etobicoke,2023-10-23T00:00:00Z,100,0,1
Etobicoke,2023-10-24T00:00:00Z,100,0,1
Etobicoke,2023-10-25T00:00:00Z,100,0,1
Etobicoke,2023-10-26T00:00:00Z,100,0,1
Etobicoke,2023-10-27T00:00:00Z,100,0,1
Etobicoke,2023-10-28T00:00:00Z,100,0,1
Etobicoke,2023-10-29T00:00:00Z,100,0,1
Etobicoke,2023-10-30T00:00:00Z,100,0,1
Etobicoke,2023-10-31T00:00:00Z,100,0,1
Etobicoke,2023-11-01T00:00:00Z,100,0,1
Etobicoke,2023-11-02T00:00:00Z,100,0,1
Etobicoke,2023-11-03T00:00:00Z,100,0,1
Etobicoke,2023-11-04T00:00:00Z,100,0,1
Etobicoke,2023-11-05T00:00:00Z,100,0,1
Etobicoke,2023-11-06T00:00:00Z,100,0,1
Etobicoke,2023-11-07T00:00:00Z,100,0,1
Etobicoke,2023-11-08T00:00:00Z,100,0,1
Etobicoke,2023-11-09T00:00:00Z,100,0,1
Etobicoke,2023-11-10T00:00:00Z,100,0,1
Etobicoke,2023-11-11T00:00:00Z,100,0,1
Etobicoke,2023-11-12T00:00:00Z,100,0,1
Etobicoke,2023-11-13T00:00:00Z,100,0,1
Etobicoke,2023-11-14T00:00:00Z,100,0,1
Etobicoke,2023-11-15T00:00:00Z,100,0,1
Etobicoke,2023-11-16T00:00:00Z,100,0,1
Etobicoke,2023-11-17T00:00:00Z,100,0,1
Etobicoke,2023-11-18T00:00:00Z,100,0,1
Etobicoke,2023-11-19T00:00:00Z,100,0,1
Etobicoke,2023-11-20T00:00:00Z,100,0,1
Etobicoke,2023-11-21T00:00:00Z,100,0,1
Etobicoke,2023-11-22T00:00:00Z,100,0,1
Etobicoke,2023-11-23T00:00:00Z,100,0,1
Etobicoke,2023-11-24T00:00:00Z,100,0,1
Etobicoke,2023-11-25T00:00:00Z,100,0,1
Etobicoke,2023-11-26T00:00:00Z,100,0,1
Etobicoke,2023-11-27T00:00:00Z,100,0,1
Etobicoke,2023-11-28T00:00:00Z,100,0,1
Etobicoke,2023-11-29T00:00:00Z,100,0,1
Etobicoke,2023-11-30T00:00:00Z,100,0,1
Etobicoke,2023-12-01T00:00:00Z,100,0,1
Etobicoke,2023-12-02T00:00:00Z,100,0,1
Etobicoke,2023-12-03T00:00:00Z,100,0,1
Etobicoke,2023-12-04T00:00:00Z,100,0,1
Etobicoke,2023-12-05T00:00:00Z,100,0,1
Etobicoke,2023-12-06T00:00:00Z,100,0,1
Etobicoke,2023-12-07T00:00:00Z,100,0,1
Etobicoke,2023-12-08T00:00:00Z,100,0,1
Etobicoke,2023-12-09T00:00:00Z,100,0,1
Etobicoke,2023-12-10T00:00:00Z,100,0,1
Etobicoke,2023-12-11T00:00:00Z,100,0,1
Etobicoke,2023-12-12T00:00:00Z,100,0,1
Etobicoke,2023-12-13T00:00:00Z,100,0,1
Etobicoke,2023-12-14T00:00:00Z,100,0,1
Etobicoke,2023-12-15T00:00:00Z,100,0,1
Etobicoke,2023-12-16T00:00:00Z,100,0,1
Etobicoke,2023-12-17T00:00:00Z,100,0,1
Etobicoke,2023-12-18T00:00:00Z,100,0,1
Etobicoke,2023-12-19T00:00:00Z,100,0,1
Etobicoke,2023-12-20T00:00:00Z,100,0,1
Etobicoke,2023-12-21T00:00:00Z,100,0,1
Etobicoke,2023-12-22T00:00:00Z,100,0,1
Etobicoke,2023-12-23T00:00:00Z,100,0,1
Etobicoke,2023-12-24T00:00:00Z,100,0,1
Etobicoke,2023-12-25T00:00:00Z,100,0,1
Etobicoke,2023-12-26T00:00:00Z,100,0,1
Etobicoke,2023-12-27T00:00:00Z,100,0,1
Etobicoke,2023-12-28T00:00:00Z,100,0,1
Etobicoke,2023-12-29T00:00:00Z,100,0,1
Etobicoke,2023-12-30T00:00:00Z,100,0,1
Etobicoke,2023-12-31T00:00:00Z,100,0,1
North York,2023-01-01T00:00:00Z,88.88888888888889,1,9
North York,2023-01-02T00:00:00Z,100,0,9
North York,2023-01-03T00:00:00Z,77.77777777777779,2,9
North York,2023-01-04T00:00:00Z,100,0,9
North York,2023-01-05T00:00:00Z,100,0,9
North York,2023-01-06T00:00:00Z,88.88888888888889,1,9
North York,2023-01-07T00:00:00Z,88.88888888888889,1,9
North York,2023-01-08T00:00:00Z,66.66666666666666,3,9
North York,2023-01-09T00:00:00Z,77.77777777777779,2,9
North York,2023-01-10T00:00:00Z,100,0,9
North York,2023-01-11T00:00:00Z,100,0,9
North York,2023-01-12T00:00:00Z,88.88888888888889,1,9
North York,2023-01-13T00:00:00Z,88.88888888888889,1,9
North York,2023-01-14T00:00:00Z,88.88888888888889,1,9
North York,2023-01-15T00:00:00Z,88.88888888888889,1,9
North York,2023-01-16T00:00:00Z,88.88888888888889,1,9
North York,2023-01-17T00:00:00Z,88.88888888888889,1,9
North York,2023-01-18T00:00:00Z,88.88888888888889,1,9
North York,2023-01-19T00:00:00Z,80,2,10
North York,2023-01-20T00:00:00Z,80,2,10
North York,2023-01-21T00:00:00Z,90,1,10
North York,2023-01-22T00:00:00Z,90,1,10
North York,2023-01-23T00:00:00Z,90,1,10
North York,2023-01-24T00:00:00Z,90,1,10
North York,2023-01-25T00:00:00Z,70,3,10
North York,2023-01-26T00:00:00Z,80,2,10
North York,2023-01-27T00:00:00Z,90,1,10
North York,2023-01-28T00:00:00Z,90,1,10
North York,2023-01-29T00:00:00Z,90,1,10
North York,2023-01-30T00:00:00Z,90,1,10
North York,2023-01-31T00:00:00Z,90,1,10
North York,2023-02-01T00:00:00Z,90,1,10
North York,2023-02-02T00:00:00Z,90,1,10
North York,2023-02-03T00:00:00Z,90,1,10
North York,2023-02-04T00:00:00Z,70,3,10
North York,2023-02-05T00:00:00Z,70,3,10
North York,2023-02-06T00:00:00Z,80,2,10
North York,2023-02-07T00:00:00Z,80,2,10
North York,2023-02-08T00:00:00Z,80,2,10
North York,2023-02-09T00:00:00Z,80,2,10
North York,2023-02-10T00:00:00Z,80,2,10
North York,2023-02-11T00:00:00Z,90,1,10
North York,2023-02-12T00:00:00Z,90,1,10
North York,2023-02-13T00:00:00Z,100,0,10
North York,2023-02-14T00:00:00Z,80,2,10
North York,2023-02-15T00:00:00Z,80,2,10
North York,2023-02-16T00:00:00Z,70,3,10
North York,2023-02-17T00:00:00Z,80,2,10
North York,2023-02-18T00:00:00Z,80,2,10
North York,2023-02-19T00:00:00Z,80,2,10
North York,2023-02-20T00:00:00Z,80,2,10
North York,2023-02-21T00:00:00Z,80,2,10
North York,2023-02-22T00:00:00Z,80,2,10
North York,2023-02-23T00:00:00Z,100,0,10
North York,2023-02-24T00:00:00Z,90,1,10
North York,2023-02-25T00:00:00Z,80,2,10
North York,2023-02-26T00:00:00Z,100,0,10
North York,2023-02-27T00:00:00Z,90,1,10
North York,2023-02-28T00:00:00Z,80,2,10
North York,2023-03-01T00:00:00Z,100,0,10
North York,2023-03-02T00:00:00Z,100,0,10
North York,2023-03-03T00:00:00Z,80,2,10
North York,2023-03-04T00:00:00Z,70,3,10
North York,2023-03-05T00:00:00Z,80,2,10
North York,2023-03-06T00:00:00Z,80,2,10
North York,2023-03-07T00:00:00Z,100,0,10
North York,2023-03-08T00:00:00Z,90,1,10
North York,2023-03-09T00:00:00Z,100,0,10
North York,2023-03-10T00:00:00Z,70,3,10
North York,2023-03-11T00:00:00Z,80,2,10
North York,2023-03-12T00:00:00Z,70,3,10
North York,2023-03-13T00:00:00Z,80,2,10
North York,2023-03-14T00:00:00Z,90,1,10
North York,2023-03-15T00:00:00Z,70,3,10
North York,2023-03-16T00:00:00Z,90,1,10
North York,2023-03-17T00:00:00Z,100,0,10
North York,2023-03-18T00:00:00Z,90,1,10
North York,2023-03-19T00:00:00Z,80,2,10
North York,2023-03-20T00:00:00Z,90,1,10
North York,2023-03-21T00:00:00Z,80,2,10
North York,2023-03-22T00:00:00Z,70,3,10
North York,2023-03-23T00:00:00Z,90,1,10
North York,2023-03-24T00:00:00Z,90,1,10
North York,2023-03-25T00:00:00Z,90,1,10
North York,2023-03-26T00:00:00Z,90,1,10
North York,2023-03-27T00:00:00Z,88.88888888888889,1,9
North York,2023-03-28T00:00:00Z,88.88888888888889,1,9
North York,2023-03-29T00:00:00Z,88.88888888888889,1,9
North York,2023-03-30T00:00:00Z,100,0,9
North York,2023-03-31T00:00:00Z,100,0,9
North York,2023-04-01T00:00:00Z,77.77777777777779,2,9
North York,2023-04-02T00:00:00Z,100,0,9
North York,2023-04-03T00:00:00Z,77.77777777777779,2,9
North York,2023-04-04T00:00:00Z,88.88888888888889,1,9
North York,2023-04-05T00:00:00Z,77.77777777777779,2,9
North York,2023-04-06T00:00:00Z,90,1,10
North York,2023-04-07T00:00:00Z,70,3,10
North York,2023-04-08T00:00:00Z,70,3,10
North York,2023-04-09T00:00:00Z,50,5,10
North York,2023-04-10T00:00:00Z,70,3,10
North York,2023-04-11T00:00:00Z,90,1,10
North York,2023-04-12T00:00:00Z,80,2,10
North York,2023-04-13T00:00:00Z,60,4,10
North York,2023-04-14T00:00:00Z,90,1,10
North York,2023-04-15T00:00:00Z,80,2,10
North York,2023-04-16T00:00:00Z,70,3,10
North York,2023-04-17T00:00:00Z,80,2,10
North York,2023-04-18T00:00:00Z,90,1,10
North York,2023-04-19T00:00:00Z,100,0,10
North York,2023-04-20T00:00:00Z,100,0,10
North York,2023-04-21T00:00:00Z,90,1,10
North York,2023-04-22T00:00:00Z,80,2,10
North York,2023-04-23T00:00:00Z,80,2,10
North York,2023-04-24T00:00:00Z,80,2,10
North York,2023-04-25T00:00:00Z,70,3,10
North York,2023-04-26T00:00:00Z,80,2,10
North York,2023-04-27T00:00:00Z,100,0,10
North York,2023-04-28T00:00:00Z,80,2,10
North York,2023-04-29T00:00:00Z,70,3,10
North York,2023-04-30T00:00:00Z,80,2,10
North York,2023-05-01T00:00:00Z,70,3,10
North York,2023-05-02T00:00:00Z,90,1,10
North York,2023-05-03T00:00:00Z,90,1,10
North York,2023-05-04T00:00:00Z,100,0,10
North York,2023-05-05T00:00:00Z,100,0,10
North York,2023-05-06T00:00:00Z,90,1,10
North York,2023-05-07T00:00:00Z,100,0,10
North York,2023-05-08T00:00:00Z,100,0,10
North York,2023-05-09T00:00:00Z,100,0,10
North York,2023-05-10T00:00:00Z,90,1,10
North York,2023-05-11T00:00:00Z,90,1,10
North York,2023-05-12T00:00:00Z,100,0,10
North York,2023-05-13T00:00:00Z,100,0,10
North York,2023-05-14T00:00:00Z,80,2,10
North York,2023-05-15T00:00:00Z,80,2,10
North York,2023-05-16T00:00:00Z,90,1,10
North York,2023-05-17T00:00:00Z,80,2,10
North York,2023-05-18T00:00:00Z,100,0,10
North York,2023-05-19T00:00:00Z,80,2,10
North York,2023-05-20T00:00:00Z,80,2,10
North York,2023-05-21T00:00:00Z,100,0,10
North York,2023-05-22T00:00:00Z,90,1,10
North York,2023-05-23T00:00:00Z,80,2,10
North York,2023-05-24T00:00:00Z,80,2,10
North York,2023-05-25T00:00:00Z,80,2,10
North York,2023-05-26T00:00:00Z,90,1,10
North York,2023-05-27T00:00:00Z,100,0,10
North York,2023-05-28T00:00:00Z,100,0,10
North York,2023-05-29T00:00:00Z,90,1,10
North York,2023-05-30T00:00:00Z,80,2,10
North York,2023-05-31T00:00:00Z,90,1,10
North York,2023-06-01T00:00:00Z,70,3,10
North York,2023-06-02T00:00:00Z,90,1,10
North York,2023-06-03T00:00:00Z,80,2,10
North York,2023-06-04T00:00:00Z,90,1,10
North York,2023-06-05T00:00:00Z,80,2,10
North York,2023-06-06T00:00:00Z,80,2,10
North York,2023-06-07T00:00:00Z,80,2,10
North York,2023-06-08T00:00:00Z,90,1,10
North York,2023-06-09T00:00:00Z,80,2,10
North York,2023-06-10T00:00:00Z,80,2,10
North York,2023-06-11T00:00:00Z,100,0,10
North York,2023-06-12T00:00:00Z,80,2,10
North York,2023-06-13T00:00:00Z,80,2,10
North York,2023-06-14T00:00:00Z,90,1,10
North York,2023-06-15T00:00:00Z,90,1,10
North York,2023-06-16T00:00:00Z,90,1,10
North York,2023-06-17T00:00:00Z,100,0,10
North York,2023-06-18T00:00:00Z,100,0,10
North York,2023-06-19T00:00:00Z,100,0,9
North York,2023-06-20T00:00:00Z,80,2,10
North York,2023-06-21T00:00:00Z,90,1,10
North York,2023-06-22T00:00:00Z,90,1,10
North York,2023-06-23T00:00:00Z,90,1,10
North York,2023-06-24T00:00:00Z,100,0,10
North York,2023-06-25T00:00:00Z,100,0,10
North York,2023-06-26T00:00:00Z,100,0,10
North York,2023-06-27T00:00:00Z,90,1,10
North York,2023-06-28T00:00:00Z,90,1,10
North York,2023-06-29T00:00:00Z,80,2,10
North York,2023-06-30T00:00:00Z,80,2,10
North York,2023-07-01T00:00:00Z,80,2,10
North York,2023-07-02T00:00:00Z,80,2,10
North York,2023-07-03T00:00:00Z,90,1,10
North York,2023-07-04T00:00:00Z,90,1,10
North York,2023-07-05T00:00:00Z,90,1,10
North York,2023-07-06T00:00:00Z,90,1,10
North York,2023-07-07T00:00:00Z,100,0,10
North York,2023-07-08T00:00:00Z,100,0,10
North York,2023-07-09T00:00:00Z,100,0,10
North York,2023-07-10T00:00:00Z,90,1,10
North York,2023-07-11T00:00:00Z,100,0,10
North York,2023-07-12T00:00:00Z,90,1,10
North York,2023-07-13T00:00:00Z,90,1,10
North York,2023-07-14T00:00:00Z,90,1,10
North York,2023-07-15T00:00:00Z,90,1,10
North York,2023-07-16T00:00:00Z,90,1,10
North York,2023-07-17T00:00:00Z,90,1,10
North York,2023-07-18T00:00:00Z,100,0,10
North York,2023-07-19T00:00:00Z,100,0,10
North York,2023-07-20T00:00:00Z,90,1,10
North York,2023-07-21T00:00:00Z,100,0,10
North York,2023-07-22T00:00:00Z,100,0,10
North York,2023-07-23T00:00:00Z,100,0,10
North York,2023-07-24T00:00:00Z,100,0,10
North York,2023-07-25T00:00:00Z,100,0,10
North York,2023-07-26T00:00:00Z,80,2,10
North York,2023-07-27T00:00:00Z,90,1,10
North York,2023-07-28T00:00:00Z,90,1,10
North York,2023-07-29T00:00:00Z,100,0,10
North York,2023-07-30T00:00:00Z,90,1,10
North York,2023-07-31T00:00:00Z,90,1,10
North York,2023-08-01T00:00:00Z,70,3,10
North York,2023-08-02T00:00:00Z,80,2,10
North York,2023-08-03T00:00:00Z,80,2,10
North York,2023-08-04T00:00:00Z,80,2,10
North York,2023-08-05T00:00:00Z,100,0,10
North York,2023-08-06T00:00:00Z,90,1,10
North York,2023-08-07T00:00:00Z,90,1,10
North York,2023-08-08T00:00:00Z,80,2,10
North York,2023-08-09T00:00:00Z,100,0,10
North York,2023-08-10T00:00:00Z,100,0,9
North York,2023-08-11T00:00:00Z,80,2,10
North York,2023-08-12T00:00:00Z,80,2,10
North York,2023-08-13T00:00:00Z,80,2,10
North York,2023-08-14T00:00:00Z,70,3,10
North York,2023-08-15T00:00:00Z,100,0,10
North York,2023-08-16T00:00:00Z,100,0,10
North York,2023-08-17T00:00:00Z,90,1,10
North York,2023-08-18T00:00:00Z,100,0,10
North York,2023-08-19T00:00:00Z,100,0,10
North York,2023-08-20T00:00:00Z,100,0,10
North York,2023-08-21T00:00:00Z,90,1,10
North York,2023-08-22T00:00:00Z,90,1,10
North York,2023-08-23T00:00:00Z,90,1,10
North York,2023-08-24T00:00:00Z,100,0,10
North York,2023-08-25T00:00:00Z,90,1,10
North York,2023-08-26T00:00:00Z,80,2,10
North York,2023-08-27T00:00:00Z,80,2,10
North York,2023-08-28T00:00:00Z,90,1,10
North York,2023-08-29T00:00:00Z,100,0,10
North York,2023-08-30T00:00:00Z,90,1,10
North York,2023-08-31T00:00:00Z,100,0,10
North York,2023-09-01T00:00:00Z,100,0,10
North York,2023-09-02T00:00:00Z,100,0,10
North York,2023-09-03T00:00:00Z,100,0,10
North York,2023-09-04T00:00:00Z,100,0,10
North York,2023-09-05T00:00:00Z,80,2,10
North York,2023-09-06T00:00:00Z,80,2,10
North York,2023-09-07T00:00:00Z,80,2,10
North York,2023-09-08T00:00:00Z,70,3,10
North York,2023-09-09T00:00:00Z,80,2,10
North York,2023-09-10T00:00:00Z,90,1,10
North York,2023-09-11T00:00:00Z,88.88888888888889,1,9
North York,2023-09-12T00:00:00Z,88.88888888888889,1,9
North York,2023-09-13T00:00:00Z,88.88888888888889,1,9
North York,2023-09-14T00:00:00Z,77.77777777777779,2,9
North York,2023-09-15T00:00:00Z,88.88888888888889,1,9
North York,2023-09-16T00:00:00Z,88.88888888888889,1,9
North York,2023-09-17T00:00:00Z,100,0,9
North York,2023-09-18T00:00:00Z,100,0,10
North York,2023-09-19T00:00:00Z,90,1,10
North York,2023-09-20T00:00:00Z,90,1,10
North York,2023-09-21T00:00:00Z,90,1,10
North York,2023-09-22T00:00:00Z,90,1,10
North York,2023-09-23T00:00:00Z,100,0,10
North York,2023-09-24T00:00:00Z,100,0,10
North York,2023-09-25T00:00:00Z,90,1,10
North York,2023-09-26T00:00:00Z,90,1,10
North York,2023-09-27T00:00:00Z,90,1,10
North York,2023-09-28T00:00:00Z,100,0,10
North York,2023-09-29T00:00:00Z,100,0,10
North York,2023-09-30T00:00:00Z,100,0,10
North York,2023-10-01T00:00:00Z,90,1,10
North York,2023-10-02T00:00:00Z,80,2,10
North York,2023-10-03T00:00:00Z,100,0,10
North York,2023-10-04T00:00:00Z,90,1,10
North York,2023-10-05T00:00:00Z,90,1,10
North York,2023-10-06T00:00:00Z,90,1,10
North York,2023-10-07T00:00:00Z,100,0,10
North York,2023-10-08T00:00:00Z,100,0,10
North York,2023-10-09T00:00:00Z,100,0,10
North York,2023-10-10T00:00:00Z,100,0,10
North York,2023-10-11T00:00:00Z,100,0,10
North York,2023-10-12T00:00:00Z,90,1,10
North York,2023-10-13T00:00:00Z,70,3,10
North York,2023-10-14T00:00:00Z,90,1,10
North York,2023-10-15T00:00:00Z,90,1,10
North York,2023-10-16T00:00:00Z,80,2,10
North York,2023-10-17T00:00:00Z,100,0,10
North York,2023-10-18T00:00:00Z,100,0,10
North York,2023-10-19T00:00:00Z,100,0,10
North York,2023-10-20T00:00:00Z,90,1,10
North York,2023-10-21T00:00:00Z,100,0,10
North York,2023-10-22T00:00:00Z,90,1,10
North York,2023-10-23T00:00:00Z,100,0,10
North York,2023-10-24T00:00:00Z,100,0,10
North York,2023-10-25T00:00:00Z,100,0,10
North York,2023-10-26T00:00:00Z,90,1,10
North York,2023-10-27T00:00:00Z,90,1,10
North York,2023-10-28T00:00:00Z,100,0,10
North York,2023-10-29T00:00:00Z,90,1,10
North York,2023-10-30T00:00:00Z,80,2,10
North York,2023-10-31T00:00:00Z,90,1,10
North York,2023-11-01T00:00:00Z,90,1,10
North York,2023-11-02T00:00:00Z,100,0,10
North York,2023-11-03T00:00:00Z,90,1,10
North York,2023-11-04T00:00:00Z,100,0,10
North York,2023-11-05T00:00:00Z,100,0,10
North York,2023-11-06T00:00:00Z,80,2,10
North York,2023-11-07T00:00:00Z,100,0,10
North York,2023-11-08T00:00:00Z,80,2,10
North York,2023-11-09T00:00:00Z,90,1,10
North York,2023-11-10T00:00:00Z,100,0,10
North York,2023-11-11T00:00:00Z,100,0,10
North York,2023-11-12T00:00:00Z,100,0,10
North York,2023-11-13T00:00:00Z,100,0,10
North York,2023-11-14T00:00:00Z,90,1,10
North York,2023-11-15T00:00:00Z,80,2,10
North York,2023-11-16T00:00:00Z,90,1,10
North York,2023-11-17T00:00:00Z,80,2,10
North York,2023-11-18T00:00:00Z,90,1,10
North York,2023-11-19T00:00:00Z,90,1,10
North York,2023-11-20T00:00:00Z,90,1,10
North York,2023-11-21T00:00:00Z,100,0,10
North York,2023-11-22T00:00:00Z,90,1,10
North York,2023-11-23T00:00:00Z,90,1,10
North York,2023-11-24T00:00:00Z,100,0,10
North York,2023-11-25T00:00:00Z,100,0,10
North York,2023-11-26T00:00:00Z,100,0,10
North York,2023-11-27T00:00:00Z,80,2,10
North York,2023-11-28T00:00:00Z,100,0,10
North York,2023-11-29T00:00:00Z,100,0,10
North York,2023-11-30T00:00:00Z,100,0,10
North York,2023-12-01T00:00:00Z,90,1,10
North York,2023-12-02T00:00:00Z,100,0,10
North York,2023-12-03T00:00:00Z,100,0,10
North York,2023-12-04T00:00:00Z,100,0,10
North York,2023-12-05T00:00:00Z,100,0,9
North York,2023-12-06T00:00:00Z,77.77777777777779,2,9
North York,2023-12-07T00:00:00Z,88.88888888888889,1,9
North York,2023-12-08T00:00:00Z,100,0,9
North York,2023-12-09T00:00:00Z,88.88888888888889,1,9
North York,2023-12-10T00:00:00Z,100,0,9
North York,2023-12-11T00:00:00Z,100,0,9
North York,2023-12-12T00:00:00Z,100,0,9
North York,2023-12-13T00:00:00Z,100,0,9
North York,2023-12-14T00:00:00Z,77.77777777777779,2,9
North York,2023-12-15T00:00:00Z,100,0,9
North York,2023-12-16T00:00:00Z,77.77777777777779,2,9
North York,2023-12-17T00:00:00Z,100,0,9
North York,2023-12-18T00:00:00Z,100,0,9
North York,2023-12-19T00:00:00Z,100,0,9
North York,2023-12-20T00:00:00Z,88.88888888888889,1,9
North York,2023-12-21T00:00:00Z,88.88888888888889,1,9
North York,2023-12-22T00:00:00Z,88.88888888888889,1,9
North York,2023-12-23T00:00:00Z,100,0,9
North York,2023-12-24T00:00:00Z,100,0,9
North York,2023-12-25T00:00:00Z,88.88888888888889,1,9
North York,2023-12-26T00:00:00Z,100,0,9
North York,2023-12-27T00:00:00Z,88.88888888888889,1,9
North York,2023-12-28T00:00:00Z,88.88888888888889,1,9
North York,2023-12-29T00:00:00Z,77.77777777777779,2,9
North York,2023-12-30T00:00:00Z,88.88888888888889,1,9
North York,2023-12-31T00:00:00Z,88.88888888888889,1,9
Scarborough,2023-01-01T00:00:00Z,100,0,4
Scarborough,2023-01-02T00:00:00Z,100,0,4
Scarborough,2023-01-03T00:00:00Z,100,0,4
Scarborough,2023-01-04T00:00:00Z,100,0,4
Scarborough,2023-01-05T00:00:00Z,100,0,4
Scarborough,2023-01-06T00:00:00Z,100,0,4
Scarborough,2023-01-07T00:00:00Z,75,1,4
Scarborough,2023-01-08T00:00:00Z,75,1,4
Scarborough,2023-01-09T00:00:00Z,100,0,4
Scarborough,2023-01-10T00:00:00Z,100,0,4
Scarborough,2023-01-11T00:00:00Z,100,0,4
Scarborough,2023-01-12T00:00:00Z,75,1,4
Scarborough,2023-01-13T00:00:00Z,100,0,4
Scarborough,2023-01-14T00:00:00Z,100,0,4
Scarborough,2023-01-15T00:00:00Z,100,0,4
Scarborough,2023-01-16T00:00:00Z,100,0,4
Scarborough,2023-01-17T00:00:00Z,75,1,4
Scarborough,2023-01-18T00:00:00Z,100,0,4
Scarborough,2023-01-19T00:00:00Z,100,0,4
Scarborough,2023-01-20T00:00:00Z,100,0,4
Scarborough,2023-01-21T00:00:00Z,75,1,4
Scarborough,2023-01-22T00:00:00Z,100,0,4
Scarborough,2023-01-23T00:00:00Z,100,0,4
Scarborough,2023-01-24T00:00:00Z,100,0,4
Scarborough,2023-01-25T00:00:00Z,75,1,4
Scarborough,2023-01-26T00:00:00Z,100,0,4
Scarborough,2023-01-27T00:00:00Z,100,0,4
Scarborough,2023-01-28T00:00:00Z,75,1,4
Scarborough,2023-01-29T00:00:00Z,100,0,4
Scarborough,2023-01-30T00:00:00Z,100,0,4
Scarborough,2023-01-31T00:00:00Z,100,0,4
Scarborough,2023-02-01T00:00:00Z,75,1,4
Scarborough,2023-02-02T00:00:00Z,75,1,4
Scarborough,2023-02-03T00:00:00Z,100,0,4
Scarborough,2023-02-04T00:00:00Z,75,1,4
Scarborough,2023-02-05T00:00:00Z,100,0,4
Scarborough,2023-02-06T00:00:00Z,100,0,4
Scarborough,2023-02-07T00:00:00Z,100,0,4
Scarborough,2023-02-08T00:00:00Z,75,1,4
Scarborough,2023-02-09T00:00:00Z,100,0,4
Scarborough,2023-02-10T00:00:00Z,100,0,4
Scarborough,2023-02-11T00:00:00Z,100,0,4
Scarborough,2023-02-12T00:00:00Z,100,0,4
Scarborough,2023-02-13T00:00:00Z,100,0,4
Scarborough,2023-02-14T00:00:00Z,100,0,4
Scarborough,2023-02-15T00:00:00Z,50,2,4
Scarborough,2023-02-16T00:00:00Z,100,0,4
Scarborough,2023-02-17T00:00:00Z,100,0,4
Scarborough,2023-02-18T00:00:00Z,100,0,4
Scarborough,2023-02-19T00:00:00Z,100,0,4
Scarborough,2023-02-20T00:00:00Z,100,0,4
Scarborough,2023-02-21T00:00:00Z,100,0,4
Scarborough,2023-02-22T00:00:00Z,100,0,4
Scarborough,2023-02-23T00:00:00Z,100,0,4
Scarborough,2023-02-24T00:00:00Z,100,0,4
Scarborough,2023-02-25T00:00:00Z,100,0,4
Scarborough,2023-02-26T00:00:00Z,75,1,4
Scarborough,2023-02-27T00:00:00Z,75,1,4
Scarborough,2023-02-28T00:00:00Z,75,1,4
Scarborough,2023-03-01T00:00:00Z,75,1,4
Scarborough,2023-03-02T00:00:00Z,75,1,4
Scarborough,2023-03-03T00:00:00Z,75,1,4
Scarborough,2023-03-04T00:00:00Z,100,0,4
Scarborough,2023-03-05T00:00:00Z,75,1,4
Scarborough,2023-03-06T00:00:00Z,100,0,4
Scarborough,2023-03-07T00:00:00Z,100,0,4
Scarborough,2023-03-08T00:00:00Z,75,1,4
Scarborough,2023-03-09T00:00:00Z,100,0,4
Scarborough,2023-03-10T00:00:00Z,75,1,4
Scarborough,2023-03-11T00:00:00Z,75,1,4
Scarborough,2023-03-12T00:00:00Z,100,0,4
Scarborough,2023-03-13T00:00:00Z,100,0,4
Scarborough,2023-03-14T00:00:00Z,100,0,4
Scarborough,2023-03-15T00:00:00Z,100,0,4
Scarborough,2023-03-16T00:00:00Z,100,0,4
Scarborough,2023-03-17T00:00:00Z,100,0,4
Scarborough,2023-03-18T00:00:00Z,100,0,4
Scarborough,2023-03-19T00:00:00Z,100,0,4
Scarborough,2023-03-20T00:00:00Z,75,1,4
Scarborough,2023-03-21T00:00:00Z,100,0,4
Scarborough,2023-03-22T00:00:00Z,75,1,4
Scarborough,2023-03-23T00:00:00Z,100,0,4
Scarborough,2023-03-24T00:00:00Z,75,1,4
Scarborough,2023-03-25T00:00:00Z,100,0,4
Scarborough,2023-03-26T00:00:00Z,100,0,4
Scarborough,2023-03-27T00:00:00Z,100,0,4
Scarborough,2023-03-28T00:00:00Z,100,0,4
Scarborough,2023-03-29T00:00:00Z,100,0,4
Scarborough,2023-03-30T00:00:00Z,100,0,4
Scarborough,2023-03-31T00:00:00Z,100,0,4
Scarborough,2023-04-01T00:00:00Z,100,0,4
Scarborough,2023-04-02T00:00:00Z,100,0,4
Scarborough,2023-04-03T00:00:00Z,100,0,4
Scarborough,2023-04-04T00:00:00Z,100,0,4
Scarborough,2023-04-05T00:00:00Z,100,0,4
Scarborough,2023-04-06T00:00:00Z,100,0,4
Scarborough,2023-04-07T00:00:00Z,100,0,4
Scarborough,2023-04-08T00:00:00Z,100,0,4
Scarborough,2023-04-09T00:00:00Z,100,0,4
Scarborough,2023-04-10T00:00:00Z,100,0,4
Scarborough,2023-04-11T00:00:00Z,100,0,4
Scarborough,2023-04-12T00:00:00Z,75,1,4
Scarborough,2023-04-13T00:00:00Z,100,0,4
Scarborough,2023-04-14T00:00:00Z,100,0,4
Scarborough,2023-04-15T00:00:00Z,100,0,4
Scarborough,2023-04-16T00:00:00Z,100,0,4
Scarborough,2023-04-17T00:00:00Z,100,0,4
Scarborough,2023-04-18T00:00:00Z,100,0,4
Scarborough,2023-04-19T00:00:00Z,100,0,4
Scarborough,2023-04-20T00:00:00Z,100,0,4
Scarborough,2023-04-21T00:00:00Z,100,0,4
Scarborough,2023-04-22T00:00:00Z,100,0,4
Scarborough,2023-04-23T00:00:00Z,100,0,4
Scarborough,2023-04-24T00:00:00Z,100,0,4
Scarborough,2023-04-25T00:00:00Z,75,1,4
Scarborough,2023-04-26T00:00:00Z,100,0,4
Scarborough,2023-04-27T00:00:00Z,100,0,4
Scarborough,2023-04-28T00:00:00Z,100,0,4
Scarborough,2023-04-29T00:00:00Z,100,0,4
Scarborough,2023-04-30T00:00:00Z,100,0,4
Scarborough,2023-05-01T00:00:00Z,100,0,4
Scarborough,2023-05-02T00:00:00Z,100,0,4
Scarborough,2023-05-03T00:00:00Z,100,0,4
Scarborough,2023-05-04T00:00:00Z,100,0,4
Scarborough,2023-05-05T00:00:00Z,75,1,4
Scarborough,2023-05-06T00:00:00Z,100,0,4
Scarborough,2023-05-07T00:00:00Z,100,0,4
Scarborough,2023-05-08T00:00:00Z,100,0,4
Scarborough,2023-05-09T00:00:00Z,100,0,4
Scarborough,2023-05-10T00:00:00Z,100,0,4
Scarborough,2023-05-11T00:00:00Z,100,0,4
Scarborough,2023-05-12T00:00:00Z,100,0,4
Scarborough,2023-05-13T00:00:00Z,100,0,4
Scarborough,2023-05-14T00:00:00Z,100,0,4
Scarborough,2023-05-15T00:00:00Z,100,0,4
Scarborough,2023-05-16T00:00:00Z,75,1,4
Scarborough,2023-05-17T00:00:00Z,100,0,4
Scarborough,2023-05-18T00:00:00Z,50,2,4
Scarborough,2023-05-19T00:00:00Z,100,0,4
Scarborough,2023-05-20T00:00:00Z,100,0,4
Scarborough,2023-05-21T00:00:00Z,100,0,4
Scarborough,2023-05-22T00:00:00Z,100,0,4
Scarborough,2023-05-23T00:00:00Z,100,0,4
Scarborough,2023-05-24T00:00:00Z,100,0,4
Scarborough,2023-05-25T00:00:00Z,100,0,4
Scarborough,2023-05-26T00:00:00Z,100,0,4
Scarborough,2023-05-27T00:00:00Z,100,0,4
Scarborough,2023-05-28T00:00:00Z,100,0,4
Scarborough,2023-05-29T00:00:00Z,100,0,4
Scarborough,2023-05-30T00:00:00Z,100,0,4
Scarborough,2023-05-31T00:00:00Z,100,0,4
Scarborough,2023-06-01T00:00:00Z,100,0,4
Scarborough,2023-06-02T00:00:00Z,75,1,4
Scarborough,2023-06-03T00:00:00Z,100,0,4
Scarborough,2023-06-04T00:00:00Z,100,0,4
Scarborough,2023-06-05T00:00:00Z,100,0,4
Scarborough,2023-06-06T00:00:00Z,100,0,4
Scarborough,2023-06-07T00:00:00Z,100,0,4
Scarborough,2023-06-08T00:00:00Z,100,0,4
Scarborough,2023-06-09T00:00:00Z,100,0,4
Scarborough,2023-06-10T00:00:00Z,100,0,4
Scarborough,2023-06-11T00:00:00Z,100,0,4
Scarborough,2023-06-12T00:00:00Z,100,0,4
Scarborough,2023-06-13T00:00:00Z,100,0,4
Scarborough,2023-06-14T00:00:00Z,100,0,4
Scarborough,2023-06-15T00:00:00Z,100,0,4
Scarborough,2023-06-16T00:00:00Z,100,0,4
Scarborough,2023-06-17T00:00:00Z,100,0,4
Scarborough,2023-06-18T00:00:00Z,100,0,4
Scarborough,2023-06-19T00:00:00Z,100,0,4
Scarborough,2023-06-20T00:00:00Z,100,0,4
Scarborough,2023-06-21T00:00:00Z,100,0,4
Scarborough,2023-06-22T00:00:00Z,100,0,4
Scarborough,2023-06-23T00:00:00Z,100,0,4
Scarborough,2023-06-24T00:00:00Z,100,0,4
Scarborough,2023-06-25T00:00:00Z,100,0,4
Scarborough,2023-06-26T00:00:00Z,100,0,4
Scarborough,2023-06-27T00:00:00Z,75,1,4
Scarborough,2023-06-28T00:00:00Z,100,0,4
Scarborough,2023-06-29T00:00:00Z,100,0,4
Scarborough,2023-06-30T00:00:00Z,100,0,4
Scarborough,2023-07-01T00:00:00Z,100,0,4
Scarborough,2023-07-02T00:00:00Z,100,0,4
Scarborough,2023-07-03T00:00:00Z,100,0,4
Scarborough,2023-07-04T00:00:00Z,100,0,4
Scarborough,2023-07-05T00:00:00Z,100,0,4
Scarborough,2023-07-06T00:00:00Z,100,0,4
Scarborough,2023-07-07T00:00:00Z,100,0,4
Scarborough,2023-07-08T00:00:00Z,100,0,4
Scarborough,2023-07-09T00:00:00Z,100,0,4
Scarborough,2023-07-10T00:00:00Z,100,0,4
Scarborough,2023-07-11T00:00:00Z,100,0,4
Scarborough,2023-07-12T00:00:00Z,100,0,4
Scarborough,2023-07-13T00:00:00Z,100,0,4
Scarborough,2023-07-14T00:00:00Z,100,0,4
Scarborough,2023-07-15T00:00:00Z,100,0,4
Scarborough,2023-07-16T00:00:00Z,100,0,4
Scarborough,2023-07-17T00:00:00Z,100,0,4
Scarborough,2023-07-18T00:00:00Z,100,0,4
Scarborough,2023-07-19T00:00:00Z,100,0,4
Scarborough,2023-07-20T00:00:00Z,100,0,4
Scarborough,2023-07-21T00:00:00Z,100,0,4
Scarborough,2023-07-22T00:00:00Z,100,0,4
Scarborough,2023-07-23T00:00:00Z,100,0,4
Scarborough,2023-07-24T00:00:00Z,100,0,4
Scarborough,2023-07-25T00:00:00Z,100,0,4
Scarborough,2023-07-26T00:00:00Z,100,0,4
Scarborough,2023-07-27T00:00:00Z,100,0,4
Scarborough,2023-07-28T00:00:00Z,100,0,4
Scarborough,2023-07-29T00:00:00Z,100,0,4
Scarborough,2023-07-30T00:00:00Z,100,0,4
Scarborough,2023-07-31T00:00:00Z,100,0,4
Scarborough,2023-08-01T00:00:00Z,100,0,4
Scarborough,2023-08-02T00:00:00Z,100,0,4
Scarborough,2023-08-03T00:00:00Z,75,1,4
Scarborough,2023-08-04T00:00:00Z,100,0,4
Scarborough,2023-08-05T00:00:00Z,100,0,4
Scarborough,2023-08-06T00:00:00Z,100,0,4
Scarborough,2023-08-07T00:00:00Z,100,0,4
Scarborough,2023-08-08T00:00:00Z,100,0,4
Scarborough,2023-08-09T00:00:00Z,100,0,4
Scarborough,2023-08-10T00:00:00Z,100,0,4
Scarborough,2023-08-11T00:00:00Z,100,0,4
Scarborough,2023-08-12T00:00:00Z,100,0,4
Scarborough,2023-08-13T00:00:00Z,100,0,4
Scarborough,2023-08-14T00:00:00Z,100,0,4
Scarborough,2023-08-15T00:00:00Z,100,0,4
Scarborough,2023-08-16T00:00:00Z,100,0,4
Scarborough,2023-08-17T00:00:00Z,100,0,4
Scarborough,2023-08-18T00:00:00Z,100,0,4
Scarborough,2023-08-19T00:00:00Z,100,0,4
Scarborough,2023-08-20T00:00:00Z,100,0,4
Scarborough,2023-08-21T00:00:00Z,100,0,4
Scarborough,2023-08-22T00:00:00Z,100,0,4
Scarborough,2023-08-23T00:00:00Z,100,0,3
Scarborough,2023-08-24T00:00:00Z,66.66666666666666,1,3
Scarborough,2023-08-25T00:00:00Z,100,0,3
Scarborough,2023-08-26T00:00:00Z,100,0,3
Scarborough,2023-08-27T00:00:00Z,100,0,3
Scarborough,2023-08-28T00:00:00Z,75,1,4
Scarborough,2023-08-29T00:00:00Z,75,1,4
Scarborough,2023-08-30T00:00:00Z,100,0,4
Scarborough,2023-08-31T00:00:00Z,100,0,4
Scarborough,2023-09-01T00:00:00Z,100,0,4
Scarborough,2023-09-02T00:00:00Z,100,0,4
Scarborough,2023-09-03T00:00:00Z,100,0,4
Scarborough,2023-09-04T00:00:00Z,100,0,4
Scarborough,2023-09-05T00:00:00Z,100,0,4
Scarborough,2023-09-06T00:00:00Z,100,0,4
Scarborough,2023-09-07T00:00:00Z,100,0,4
Scarborough,2023-09-08T00:00:00Z,100,0,4
Scarborough,2023-09-09T00:00:00Z,100,0,4
Scarborough,2023-09-10T00:00:00Z,100,0,4
Scarborough,2023-09-11T00:00:00Z,100,0,4
Scarborough,2023-09-12T00:00:00Z,100,0,4
Scarborough,2023-09-13T00:00:00Z,100,0,4
Scarborough,2023-09-14T00:00:00Z,75,1,4
Scarborough,2023-09-15T00:00:00Z,100,0,4
Scarborough,2023-09-16T00:00:00Z,100,0,4
Scarborough,2023-09-17T00:00:00Z,100,0,4
Scarborough,2023-09-18T00:00:00Z,100,0,4
Scarborough,2023-09-19T00:00:00Z,100,0,4
Scarborough,2023-09-20T00:00:00Z,100,0,4
Scarborough,2023-09-21T00:00:00Z,100,0,4
Scarborough,2023-09-22T00:00:00Z,100,0,4
Scarborough,2023-09-23T00:00:00Z,100,0,4
Scarborough,2023-09-24T00:00:00Z,100,0,4
Scarborough,2023-09-25T00:00:00Z,100,0,4
Scarborough,2023-09-26T00:00:00Z,100,0,4
Scarborough,2023-09-27T00:00:00Z,100,0,4
Scarborough,2023-09-28T00:00:00Z,100,0,4
Scarborough,2023-09-29T00:00:00Z,100,0,4
Scarborough,2023-09-30T00:00:00Z,100,0,4
Scarborough,2023-10-01T00:00:00Z,100,0,4
Scarborough,2023-10-02T00:00:00Z,100,0,4
Scarborough,2023-10-03T00:00:00Z,75,1,4
Scarborough,2023-10-04T00:00:00Z,75,1,4
Scarborough,2023-10-05T00:00:00Z,75,1,4
Scarborough,2023-10-06T00:00:00Z,100,0,4
Scarborough,2023-10-07T00:00:00Z,100,0,4
Scarborough,2023-10-08T00:00:00Z,100,0,4
Scarborough,2023-10-09T00:00:00Z,100,0,4
Scarborough,2023-10-10T00:00:00Z,100,0,4
Scarborough,2023-10-11T00:00:00Z,100,0,4
Scarborough,2023-10-12T00:00:00Z,100,0,4
Scarborough,2023-10-13T00:00:00Z,100,0,4
Scarborough,2023-10-14T00:00:00Z,100,0,4
Scarborough,2023-10-15T00:00:00Z,100,0,4
Scarborough,2023-10-16T00:00:00Z,100,0,4
Scarborough,2023-10-17T00:00:00Z,100,0,4
Scarborough,2023-10-18T00:00:00Z,100,0,4
Scarborough,2023-10-19T00:00:00Z,100,0,4
Scarborough,2023-10-20T00:00:00Z,100,0,4
Scarborough,2023-10-21T00:00:00Z,100,0,4
Scarborough,2023-10-22T00:00:00Z,100,0,4
Scarborough,2023-10-23T00:00:00Z,100,0,4
Scarborough,2023-10-24T00:00:00Z,100,0,4
Scarborough,2023-10-25T00:00:00Z,100,0,4
Scarborough,2023-10-26T00:00:00Z,100,0,4
Scarborough,2023-10-27T00:00:00Z,100,0,4
Scarborough,2023-10-28T00:00:00Z,75,1,4
Scarborough,2023-10-29T00:00:00Z,100,0,4
Scarborough,2023-10-30T00:00:00Z,100,0,4
Scarborough,2023-10-31T00:00:00Z,100,0,4
Scarborough,2023-11-01T00:00:00Z,100,0,4
Scarborough,2023-11-02T00:00:00Z,100,0,4
Scarborough,2023-11-03T00:00:00Z,100,0,4
Scarborough,2023-11-04T00:00:00Z,100,0,4
Scarborough,2023-11-05T00:00:00Z,100,0,4
Scarborough,2023-11-06T00:00:00Z,100,0,4
Scarborough,2023-11-07T00:00:00Z,100,0,4
Scarborough,2023-11-08T00:00:00Z,100,0,4
Scarborough,2023-11-09T00:00:00Z,100,0,4
Scarborough,2023-11-10T00:00:00Z,100,0,4
Scarborough,2023-11-11T00:00:00Z,100,0,4
Scarborough,2023-11-12T00:00:00Z,100,0,4
Scarborough,2023-11-13T00:00:00Z,100,0,4
Scarborough,2023-11-14T00:00:00Z,100,0,4
Scarborough,2023-11-15T00:00:00Z,100,0,4
Scarborough,2023-11-16T00:00:00Z,100,0,4
Scarborough,2023-11-17T00:00:00Z,100,0,4
Scarborough,2023-11-18T00:00:00Z,100,0,4
Scarborough,2023-11-19T00:00:00Z,100,0,4
Scarborough,2023-11-20T00:00:00Z,100,0,4
Scarborough,2023-11-21T00:00:00Z,100,0,4
Scarborough,2023-11-22T00:00:00Z,100,0,4
Scarborough,2023-11-23T00:00:00Z,100,0,4
Scarborough,2023-11-24T00:00:00Z,100,0,4
Scarborough,2023-11-25T00:00:00Z,100,0,4
Scarborough,2023-11-26T00:00:00Z,100,0,4
Scarborough,2023-11-27T00:00:00Z,100,0,4
Scarborough,2023-11-28T00:00:00Z,100,0,4
Scarborough,2023-11-29T00:00:00Z,100,0,4
Scarborough,2023-11-30T00:00:00Z,100,0,4
Scarborough,2023-12-01T00:00:00Z,100,0,4
Scarborough,2023-12-02T00:00:00Z,100,0,4
Scarborough,2023-12-03T00:00:00Z,100,0,4
Scarborough,2023-12-04T00:00:00Z,100,0,4
Scarborough,2023-12-05T00:00:00Z,100,0,4
Scarborough,2023-12-06T00:00:00Z,100,0,4
Scarborough,2023-12-07T00:00:00Z,100,0,4
Scarborough,2023-12-08T00:00:00Z,100,0,4
Scarborough,2023-12-09T00:00:00Z,100,0,4
Scarborough,2023-12-10T00:00:00Z,100,0,4
Scarborough,2023-12-11T00:00:00Z,100,0,4
Scarborough,2023-12-12T00:00:00Z,100,0,4
Scarborough,2023-12-13T00:00:00Z,100,0,4
Scarborough,2023-12-14T00:00:00Z,100,0,4
Scarborough,2023-12-15T00:00:00Z,100,0,4
Scarborough,2023-12-16T00:00:00Z,100,0,4
Scarborough,2023-12-17T00:00:00Z,100,0,4
Scarborough,2023-12-18T00:00:00Z,100,0,4
Scarborough,2023-12-19T00:00:00Z,100,0,4
Scarborough,2023-12-20T00:00:00Z,100,0,4
Scarborough,2023-12-21T00:00:00Z,100,0,4
Scarborough,2023-12-22T00:00:00Z,100,0,4
Scarborough,2023-12-23T00:00:00Z,100,0,4
Scarborough,2023-12-24T00:00:00Z,100,0,4
Scarborough,2023-12-25T00:00:00Z,100,0,4
Scarborough,2023-12-26T00:00:00Z,100,0,4
Scarborough,2023-12-27T00:00:00Z,100,0,4
Scarborough,2023-12-28T00:00:00Z,100,0,4
Scarborough,2023-12-29T00:00:00Z,75,1,4
Scarborough,2023-12-30T00:00:00Z,100,0,4
Scarborough,2023-12-31T00:00:00Z,100,0,4
Toronto,2023-01-01T00:00:00Z,75.86206896551724,7,29
Toronto,2023-01-02T00:00:00Z,75.86206896551724,7,29
Toronto,2023-01-03T00:00:00Z,72.41379310344827,8,29
Toronto,2023-01-04T00:00:00Z,72.41379310344827,8,29
Toronto,2023-01-05T00:00:00Z,82.75862068965517,5,29
Toronto,2023-01-06T00:00:00Z,79.3103448275862,6,29
Toronto,2023-01-07T00:00:00Z,86.20689655172413,4,29
Toronto,2023-01-08T00:00:00Z,82.75862068965517,5,29
Toronto,2023-01-09T00:00:00Z,82.75862068965517,5,29
Toronto,2023-01-10T00:00:00Z,82.75862068965517,5,29
Toronto,2023-01-11T00:00:00Z,79.3103448275862,6,29
Toronto,2023-01-12T00:00:00Z,86.20689655172413,4,29
Toronto,2023-01-13T00:00:00Z,89.65517241379311,3,29
Toronto,2023-01-14T00:00:00Z,89.65517241379311,3,29
Toronto,2023-01-15T00:00:00Z,89.65517241379311,3,29
Toronto,2023-01-16T00:00:00Z,82.75862068965517,5,29
Toronto,2023-01-17T00:00:00Z,72.41379310344827,8,29
Toronto,2023-01-18T00:00:00Z,79.3103448275862,6,29
Toronto,2023-01-19T00:00:00Z,79.3103448275862,6,29
Toronto,2023-01-20T00:00:00Z,72.41379310344827,8,29
Toronto,2023-01-21T00:00:00Z,75.86206896551724,7,29
Toronto,2023-01-22T00:00:00Z,72.41379310344827,8,29
Toronto,2023-01-23T00:00:00Z,68.96551724137932,9,29
Toronto,2023-01-24T00:00:00Z,72.41379310344827,8,29
Toronto,2023-01-25T00:00:00Z,68.96551724137932,9,29
Toronto,2023-01-26T00:00:00Z,72.41379310344827,8,29
Toronto,2023-01-27T00:00:00Z,72.41379310344827,8,29
Toronto,2023-01-28T00:00:00Z,72.41379310344827,8,29
Toronto,2023-01-29T00:00:00Z,72.41379310344827,8,29
Toronto,2023-01-30T00:00:00Z,72.41379310344827,8,29
Toronto,2023-01-31T00:00:00Z,79.3103448275862,6,29
Toronto,2023-02-01T00:00:00Z,72.41379310344827,8,29
Toronto,2023-02-02T00:00:00Z,72.41379310344827,8,29
Toronto,2023-02-03T00:00:00Z,65.51724137931035,10,29
Toronto,2023-02-04T00:00:00Z,68.96551724137932,9,29
Toronto,2023-02-05T00:00:00Z,72.41379310344827,8,29
Toronto,2023-02-06T00:00:00Z,68.96551724137932,9,29
Toronto,2023-02-07T00:00:00Z,72.41379310344827,8,29
Toronto,2023-02-08T00:00:00Z,79.3103448275862,6,29
Toronto,2023-02-09T00:00:00Z,79.3103448275862,6,29
Toronto,2023-02-10T00:00:00Z,75.86206896551724,7,29
Toronto,2023-02-11T00:00:00Z,75.86206896551724,7,29
Toronto,2023-02-12T00:00:00Z,79.3103448275862,6,29
Toronto,2023-02-13T00:00:00Z,75.86206896551724,7,29
Toronto,2023-02-14T00:00:00Z,79.3103448275862,6,29
Toronto,2023-02-15T00:00:00Z,79.3103448275862,6,29
Toronto,2023-02-16T00:00:00Z,79.3103448275862,6,29
Toronto,2023-02-17T00:00:00Z,68.96551724137932,9,29
Toronto,2023-02-18T00:00:00Z,68.96551724137932,9,29
Toronto,2023-02-19T00:00:00Z,72.41379310344827,8,29
Toronto,2023-02-20T00:00:00Z,75.86206896551724,7,29
Toronto,2023-02-21T00:00:00Z,72.41379310344827,8,29
Toronto,2023-02-22T00:00:00Z,75.86206896551724,7,29
Toronto,2023-02-23T00:00:00Z,79.3103448275862,6,29
Toronto,2023-02-24T00:00:00Z,75,7,28
Toronto,2023-02-25T00:00:00Z,75,7,28
Toronto,2023-02-26T00:00:00Z,75,7,28
Toronto,2023-02-27T00:00:00Z,75,7,28
Toronto,2023-02-28T00:00:00Z,82.14285714285714,5,28
Toronto,2023-03-01T00:00:00Z,78.57142857142857,6,28
Toronto,2023-03-02T00:00:00Z,75,7,28
Toronto,2023-03-03T00:00:00Z,71.42857142857143,8,28
Toronto,2023-03-04T00:00:00Z,82.14285714285714,5,28
Toronto,2023-03-05T00:00:00Z,85.71428571428571,4,28
Toronto,2023-03-06T00:00:00Z,89.28571428571429,3,28
Toronto,2023-03-07T00:00:00Z,85.71428571428571,4,28
Toronto,2023-03-08T00:00:00Z,71.42857142857143,8,28
Toronto,2023-03-09T00:00:00Z,82.14285714285714,5,28
Toronto,2023-03-10T00:00:00Z,82.14285714285714,5,28
Toronto,2023-03-11T00:00:00Z,78.57142857142857,6,28
Toronto,2023-03-12T00:00:00Z,82.14285714285714,5,28
Toronto,2023-03-13T00:00:00Z,85.71428571428571,4,28
Toronto,2023-03-14T00:00:00Z,85.71428571428571,4,28
Toronto,2023-03-15T00:00:00Z,82.14285714285714,5,28
Toronto,2023-03-16T00:00:00Z,82.14285714285714,5,28
Toronto,2023-03-17T00:00:00Z,71.42857142857143,8,28
Toronto,2023-03-18T00:00:00Z,82.14285714285714,5,28
Toronto,2023-03-19T00:00:00Z,82.14285714285714,5,28
Toronto,2023-03-20T00:00:00Z,75,7,28
Toronto,2023-03-21T00:00:00Z,71.42857142857143,8,28
Toronto,2023-03-22T00:00:00Z,71.42857142857143,8,28
Toronto,2023-03-23T00:00:00Z,71.42857142857143,8,28
Toronto,2023-03-24T00:00:00Z,82.14285714285714,5,28
Toronto,2023-03-25T00:00:00Z,85.71428571428571,4,28
Toronto,2023-03-26T00:00:00Z,82.14285714285714,5,28
Toronto,2023-03-27T00:00:00Z,78.57142857142857,6,28
Toronto,2023-03-28T00:00:00Z,64.28571428571429,10,28
Toronto,2023-03-29T00:00:00Z,67.85714285714286,9,28
Toronto,2023-03-30T00:00:00Z,78.57142857142857,6,28
Toronto,2023-03-31T00:00:00Z,75,7,28
Toronto,2023-04-01T00:00:00Z,78.57142857142857,6,28
Toronto,2023-04-02T00:00:00Z,78.57142857142857,6,28
Toronto,2023-04-03T00:00:00Z,74.07407407407408,7,27
Toronto,2023-04-04T00:00:00Z,70.37037037037037,8,27
Toronto,2023-04-05T00:00:00Z,77.77777777777779,6,27
Toronto,2023-04-06T00:00:00Z,66.66666666666666,9,27
Toronto,2023-04-07T00:00:00Z,77.77777777777779,6,27
Toronto,2023-04-08T00:00:00Z,81.48148148148148,5,27
Toronto,2023-04-09T00:00:00Z,81.48148148148148,5,27
Toronto,2023-04-10T00:00:00Z,74.07407407407408,7,27
Toronto,2023-04-11T00:00:00Z,74.07407407407408,7,27
Toronto,2023-04-12T00:00:00Z,77.77777777777779,6,27
Toronto,2023-04-13T00:00:00Z,81.48148148148148,5,27
Toronto,2023-04-14T00:00:00Z,74.07407407407408,7,27
Toronto,2023-04-15T00:00:00Z,74.07407407407408,7,27
Toronto,2023-04-16T00:00:00Z,74.07407407407408,7,27
Toronto,2023-04-17T00:00:00Z,77.77777777777779,6,27
Toronto,2023-04-18T00:00:00Z,77.77777777777779,6,27
Toronto,2023-04-19T00:00:00Z,77.77777777777779,6,27
Toronto,2023-04-20T00:00:00Z,77.77777777777779,6,27
Toronto,2023-04-21T00:00:00Z,70.37037037037037,8,27
Toronto,2023-04-22T00:00:00Z,74.07407407407408,7,27
Toronto,2023-04-23T00:00:00Z,74.07407407407408,7,27
Toronto,2023-04-24T00:00:00Z,70.37037037037037,8,27
Toronto,2023-04-25T00:00:00Z,66.66666666666666,9,27
Toronto,2023-04-26T00:00:00Z,62.96296296296296,10,27
Toronto,2023-04-27T00:00:00Z,62.96296296296296,10,27
Toronto,2023-04-28T00:00:00Z,70.37037037037037,8,27
Toronto,2023-04-29T00:00:00Z,73.07692307692307,7,26
Toronto,2023-04-30T00:00:00Z,73.07692307692307,7,26
Toronto,2023-05-01T00:00:00Z,73.07692307692307,7,26
Toronto,2023-05-02T00:00:00Z,65.38461538461539,9,26
Toronto,2023-05-03T00:00:00Z,84.61538461538461,4,26
Toronto,2023-05-04T00:00:00Z,80.76923076923077,5,26
Toronto,2023-05-05T00:00:00Z,76.92307692307693,6,26
Toronto,2023-05-06T00:00:00Z,84.61538461538461,4,26
Toronto,2023-05-07T00:00:00Z,84.61538461538461,4,26
Toronto,2023-05-08T00:00:00Z,76.92307692307693,6,26
Toronto,2023-05-09T00:00:00Z,73.07692307692307,7,26
Toronto,2023-05-10T00:00:00Z,73.07692307692307,7,26
Toronto,2023-05-11T00:00:00Z,76.92307692307693,6,26
Toronto,2023-05-12T00:00:00Z,73.07692307692307,7,26
Toronto,2023-05-13T00:00:00Z,73.07692307692307,7,26
Toronto,2023-05-14T00:00:00Z,73.07692307692307,7,26
Toronto,2023-05-15T00:00:00Z,73.07692307692307,7,26
Toronto,2023-05-16T00:00:00Z,76.92307692307693,6,26
Toronto,2023-05-17T00:00:00Z,76.92307692307693,6,26
Toronto,2023-05-18T00:00:00Z,76.92307692307693,6,26
Toronto,2023-05-19T00:00:00Z,76.92307692307693,6,26
Toronto,2023-05-20T00:00:00Z,76.92307692307693,6,26
Toronto,2023-05-21T00:00:00Z,80.76923076923077,5,26
Toronto,2023-05-22T00:00:00Z,84.61538461538461,4,26
Toronto,2023-05-23T00:00:00Z,84.61538461538461,4,26
Toronto,2023-05-24T00:00:00Z,80.76923076923077,5,26
Toronto,2023-05-25T00:00:00Z,80.76923076923077,5,26
Toronto,2023-05-26T00:00:00Z,88.46153846153845,3,26
Toronto,2023-05-27T00:00:00Z,80.76923076923077,5,26
Toronto,2023-05-28T00:00:00Z,76.92307692307693,6,26
Toronto,2023-05-29T00:00:00Z,73.07692307692307,7,26
Toronto,2023-05-30T00:00:00Z,84.61538461538461,4,26
Toronto,2023-05-31T00:00:00Z,88.46153846153845,3,26
Toronto,2023-06-01T00:00:00Z,76.92307692307693,6,26
Toronto,2023-06-02T00:00:00Z,80.76923076923077,5,26
Toronto,2023-06-03T00:00:00Z,73.07692307692307,7,26
Toronto,2023-06-04T00:00:00Z,76.92307692307693,6,26
Toronto,2023-06-05T00:00:00Z,84.61538461538461,4,26
Toronto,2023-06-06T00:00:00Z,76.92307692307693,6,26
Toronto,2023-06-07T00:00:00Z,76.92307692307693,6,26
Toronto,2023-06-08T00:00:00Z,73.07692307692307,7,26
Toronto,2023-06-09T00:00:00Z,73.07692307692307,7,26
Toronto,2023-06-10T00:00:00Z,88.46153846153845,3,26
Toronto,2023-06-11T00:00:00Z,92.3076923076923,2,26
Toronto,2023-06-12T00:00:00Z,80.76923076923077,5,26
Toronto,2023-06-13T00:00:00Z,88.46153846153845,3,26
Toronto,2023-06-14T00:00:00Z,92.3076923076923,2,26
Toronto,2023-06-15T00:00:00Z,88.46153846153845,3,26
Toronto,2023-06-16T00:00:00Z,88.46153846153845,3,26
Toronto,2023-06-17T00:00:00Z,92.3076923076923,2,26
Toronto,2023-06-18T00:00:00Z,92.3076923076923,2,26
Toronto,2023-06-19T00:00:00Z,84.61538461538461,4,26
Toronto,2023-06-20T00:00:00Z,84.61538461538461,4,26
Toronto,2023-06-21T00:00:00Z,84.61538461538461,4,26
Toronto,2023-06-22T00:00:00Z,92.3076923076923,2,26
Toronto,2023-06-23T00:00:00Z,92.3076923076923,2,26
Toronto,2023-06-24T00:00:00Z,92.3076923076923,2,26
Toronto,2023-06-25T00:00:00Z,84.61538461538461,4,26
Toronto,2023-06-26T00:00:00Z,84.61538461538461,4,26
Toronto,2023-06-27T00:00:00Z,84.61538461538461,4,26
Toronto,2023-06-28T00:00:00Z,88.46153846153845,3,26
Toronto,2023-06-29T00:00:00Z,88.46153846153845,3,26
Toronto,2023-06-30T00:00:00Z,92.3076923076923,2,26
Toronto,2023-07-01T00:00:00Z,88.46153846153845,3,26
Toronto,2023-07-02T00:00:00Z,92.3076923076923,2,26
Toronto,2023-07-03T00:00:00Z,88.46153846153845,3,26
Toronto,2023-07-04T00:00:00Z,92.3076923076923,2,26
Toronto,2023-07-05T00:00:00Z,84.61538461538461,4,26
Toronto,2023-07-06T00:00:00Z,88.46153846153845,3,26
Toronto,2023-07-07T00:00:00Z,84.61538461538461,4,26
Toronto,2023-07-08T00:00:00Z,92.3076923076923,2,26
Toronto,2023-07-09T00:00:00Z,96.15384615384616,1,26
Toronto,2023-07-10T00:00:00Z,84.61538461538461,4,26
Toronto,2023-07-11T00:00:00Z,80.76923076923077,5,26
Toronto,2023-07-12T00:00:00Z,73.07692307692307,7,26
Toronto,2023-07-13T00:00:00Z,80.76923076923077,5,26
Toronto,2023-07-14T00:00:00Z,84.61538461538461,4,26
Toronto,2023-07-15T00:00:00Z,84.61538461538461,4,26
Toronto,2023-07-16T00:00:00Z,84.61538461538461,4,26
Toronto,2023-07-17T00:00:00Z,80.76923076923077,5,26
Toronto,2023-07-18T00:00:00Z,84.61538461538461,4,26
Toronto,2023-07-19T00:00:00Z,88.46153846153845,3,26
Toronto,2023-07-20T00:00:00Z,96.15384615384616,1,26
Toronto,2023-07-21T00:00:00Z,100,0,26
Toronto,2023-07-22T00:00:00Z,100,0,26
Toronto,2023-07-23T00:00:00Z,96.15384615384616,1,26
Toronto,2023-07-24T00:00:00Z,80.76923076923077,5,26
Toronto,2023-07-25T00:00:00Z,84.61538461538461,4,26
Toronto,2023-07-26T00:00:00Z,84.61538461538461,4,26
Toronto,2023-07-27T00:00:00Z,92.3076923076923,2,26
Toronto,2023-07-28T00:00:00Z,88.46153846153845,3,26
Toronto,2023-07-29T00:00:00Z,88.46153846153845,3,26
Toronto,2023-07-30T00:00:00Z,84.61538461538461,4,26
Toronto,2023-07-31T00:00:00Z,88.46153846153845,3,26
Toronto,2023-08-01T00:00:00Z,84.61538461538461,4,26
Toronto,2023-08-02T00:00:00Z,84.61538461538461,4,26
Toronto,2023-08-03T00:00:00Z,84.61538461538461,4,26
Toronto,2023-08-04T00:00:00Z,92.3076923076923,2,26
Toronto,2023-08-05T00:00:00Z,92.3076923076923,2,26
Toronto,2023-08-06T00:00:00Z,92.3076923076923,2,26
Toronto,2023-08-07T00:00:00Z,92.3076923076923,2,26
Toronto,2023-08-08T00:00:00Z,84.61538461538461,4,26
Toronto,2023-08-09T00:00:00Z,73.07692307692307,7,26
Toronto,2023-08-10T00:00:00Z,80.76923076923077,5,26
Toronto,2023-08-11T00:00:00Z,79.16666666666666,5,24
Toronto,2023-08-12T00:00:00Z,79.16666666666666,5,24
Toronto,2023-08-13T00:00:00Z,83.33333333333334,4,24
Toronto,2023-08-14T00:00:00Z,86.95652173913044,3,23
Toronto,2023-08-15T00:00:00Z,91.30434782608695,2,23
Toronto,2023-08-16T00:00:00Z,90.9090909090909,2,22
Toronto,2023-08-17T00:00:00Z,90.9090909090909,2,22
Toronto,2023-08-18T00:00:00Z,86.36363636363636,3,22
Toronto,2023-08-19T00:00:00Z,90.9090909090909,2,22
Toronto,2023-08-20T00:00:00Z,90.9090909090909,2,22
Toronto,2023-08-21T00:00:00Z,90.9090909090909,2,22
Toronto,2023-08-22T00:00:00Z,90.9090909090909,2,22
Toronto,2023-08-23T00:00:00Z,86.36363636363636,3,22
Toronto,2023-08-24T00:00:00Z,95.45454545454545,1,22
Toronto,2023-08-25T00:00:00Z,90.9090909090909,2,22
Toronto,2023-08-26T00:00:00Z,90.9090909090909,2,22
Toronto,2023-08-27T00:00:00Z,86.36363636363636,3,22
Toronto,2023-08-28T00:00:00Z,90.47619047619048,2,21
Toronto,2023-08-29T00:00:00Z,90.47619047619048,2,21
Toronto,2023-08-30T00:00:00Z,95.23809523809523,1,21
Toronto,2023-08-31T00:00:00Z,95.23809523809523,1,21
Toronto,2023-09-01T00:00:00Z,95.23809523809523,1,21
Toronto,2023-09-02T00:00:00Z,95.23809523809523,1,21
Toronto,2023-09-03T00:00:00Z,90.47619047619048,2,21
Toronto,2023-09-04T00:00:00Z,85.71428571428571,3,21
Toronto,2023-09-05T00:00:00Z,85.71428571428571,3,21
Toronto,2023-09-06T00:00:00Z,80.95238095238095,4,21
Toronto,2023-09-07T00:00:00Z,90.47619047619048,2,21
Toronto,2023-09-08T00:00:00Z,90.47619047619048,2,21
Toronto,2023-09-09T00:00:00Z,85.71428571428571,3,21
Toronto,2023-09-10T00:00:00Z,85.71428571428571,3,21
Toronto,2023-09-11T00:00:00Z,80.95238095238095,4,21
Toronto,2023-09-12T00:00:00Z,85.71428571428571,3,21
Toronto,2023-09-13T00:00:00Z,90.47619047619048,2,21
Toronto,2023-09-14T00:00:00Z,85.71428571428571,3,21
Toronto,2023-09-15T00:00:00Z,90.47619047619048,2,21
Toronto,2023-09-16T00:00:00Z,90.47619047619048,2,21
Toronto,2023-09-17T00:00:00Z,90.47619047619048,2,21
Toronto,2023-09-18T00:00:00Z,90.47619047619048,2,21
Toronto,2023-09-19T00:00:00Z,80.95238095238095,4,21
Toronto,2023-09-20T00:00:00Z,90.47619047619048,2,21
Toronto,2023-09-21T00:00:00Z,90.47619047619048,2,21
Toronto,2023-09-22T00:00:00Z,90.47619047619048,2,21
Toronto,2023-09-23T00:00:00Z,90.47619047619048,2,21
Toronto,2023-09-24T00:00:00Z,85.71428571428571,3,21
Toronto,2023-09-25T00:00:00Z,80.95238095238095,4,21
Toronto,2023-09-26T00:00:00Z,76.19047619047619,5,21
Toronto,2023-09-27T00:00:00Z,85.71428571428571,3,21
Toronto,2023-09-28T00:00:00Z,90.47619047619048,2,21
Toronto,2023-09-29T00:00:00Z,95.23809523809523,1,21
Toronto,2023-09-30T00:00:00Z,85.71428571428571,3,21
Toronto,2023-10-01T00:00:00Z,90.47619047619048,2,21
Toronto,2023-10-02T00:00:00Z,95,1,20
Toronto,2023-10-03T00:00:00Z,75,5,20
Toronto,2023-10-04T00:00:00Z,80,4,20
Toronto,2023-10-05T00:00:00Z,80,4,20
Toronto,2023-10-06T00:00:00Z,85,3,20
Toronto,2023-10-07T00:00:00Z,80,4,20
Toronto,2023-10-08T00:00:00Z,90,2,20
Toronto,2023-10-09T00:00:00Z,90,2,20
Toronto,2023-10-10T00:00:00Z,75,5,20
Toronto,2023-10-11T00:00:00Z,75,5,20
Toronto,2023-10-12T00:00:00Z,80,4,20
Toronto,2023-10-13T00:00:00Z,80,4,20
Toronto,2023-10-14T00:00:00Z,90,2,20
Toronto,2023-10-15T00:00:00Z,90,2,20
Toronto,2023-10-16T00:00:00Z,80,4,20
Toronto,2023-10-17T00:00:00Z,90,2,20
Toronto,2023-10-18T00:00:00Z,90,2,20
Toronto,2023-10-19T00:00:00Z,90,2,20
Toronto,2023-10-20T00:00:00Z,80,4,20
Toronto,2023-10-21T00:00:00Z,85,3,20
Toronto,2023-10-22T00:00:00Z,85,3,20
Toronto,2023-10-23T00:00:00Z,75,5,20
Toronto,2023-10-24T00:00:00Z,75,5,20
Toronto,2023-10-25T00:00:00Z,90,2,20
Toronto,2023-10-26T00:00:00Z,90,2,20
Toronto,2023-10-27T00:00:00Z,80,4,20
Toronto,2023-10-28T00:00:00Z,85,3,20
Toronto,2023-10-29T00:00:00Z,80,4,20
Toronto,2023-10-30T00:00:00Z,85,3,20
Toronto,2023-10-31T00:00:00Z,90,2,20
Toronto,2023-11-01T00:00:00Z,70,6,20
Toronto,2023-11-02T00:00:00Z,60,8,20
Toronto,2023-11-03T00:00:00Z,70,6,20
Toronto,2023-11-04T00:00:00Z,80,4,20
Toronto,2023-11-05T00:00:00Z,75,5,20
Toronto,2023-11-06T00:00:00Z,75,5,20
Toronto,2023-11-07T00:00:00Z,75,5,20
Toronto,2023-11-08T00:00:00Z,80,4,20
Toronto,2023-11-09T00:00:00Z,85,3,20
Toronto,2023-11-10T00:00:00Z,75,5,20
Toronto,2023-11-11T00:00:00Z,85,3,20
Toronto,2023-11-12T00:00:00Z,85,3,20
Toronto,2023-11-13T00:00:00Z,75,5,20
Toronto,2023-11-14T00:00:00Z,70,6,20
Toronto,2023-11-15T00:00:00Z,80,4,20
Toronto,2023-11-16T00:00:00Z,70,6,20
Toronto,2023-11-17T00:00:00Z,70,6,20
Toronto,2023-11-18T00:00:00Z,80,4,20
Toronto,2023-11-19T00:00:00Z,85,3,20
Toronto,2023-11-20T00:00:00Z,70,6,20
Toronto,2023-11-21T00:00:00Z,75,5,20
Toronto,2023-11-22T00:00:00Z,75,5,20
Toronto,2023-11-23T00:00:00Z,75,5,20
Toronto,2023-11-24T00:00:00Z,80,4,20
Toronto,2023-11-25T00:00:00Z,85,3,20
Toronto,2023-11-26T00:00:00Z,90,2,20
Toronto,2023-11-27T00:00:00Z,95,1,20
Toronto,2023-11-28T00:00:00Z,85,3,20
Toronto,2023-11-29T00:00:00Z,75,5,20
Toronto,2023-11-30T00:00:00Z,85,3,20
Toronto,2023-12-01T00:00:00Z,90,2,20
Toronto,2023-12-02T00:00:00Z,80,4,20
Toronto,2023-12-03T00:00:00Z,90,2,20
Toronto,2023-12-04T00:00:00Z,80,4,20
Toronto,2023-12-05T00:00:00Z,70,6,20
Toronto,2023-12-06T00:00:00Z,85,3,20
Toronto,2023-12-07T00:00:00Z,80,4,20
Toronto,2023-12-08T00:00:00Z,95,1,20
Toronto,2023-12-09T00:00:00Z,95,1,20
Toronto,2023-12-10T00:00:00Z,95,1,20
Toronto,2023-12-11T00:00:00Z,90,2,20
Toronto,2023-12-12T00:00:00Z,85,3,20
Toronto,2023-12-13T00:00:00Z,85,3,20
Toronto,2023-12-14T00:00:00Z,75,5,20
Toronto,2023-12-15T00:00:00Z,75,5,20
Toronto,2023-12-16T00:00:00Z,70,6,20
Toronto,2023-12-17T00:00:00Z,75,5,20
Toronto,2023-12-18T00:00:00Z,80,4,20
Toronto,2023-12-19T00:00:00Z,70,6,20
Toronto,2023-12-20T00:00:00Z,85,3,20
Toronto,2023-12-21T00:00:00Z,80,4,20
Toronto,2023-12-22T00:00:00Z,70,6,20
Toronto,2023-12-23T00:00:00Z,75,5,20
Toronto,2023-12-24T00:00:00Z,85,3,20
Toronto,2023-12-25T00:00:00Z,80,4,20
Toronto,2023-12-26T00:00:00Z,75,5,20
Toronto,2023-12-27T00:00:00Z,85,3,20
Toronto,2023-12-28T00:00:00Z,85,3,20
Toronto,2023-12-29T00:00:00Z,85,3,20
Toronto,2023-12-30T00:00:00Z,85,3,20
Toronto,2023-12-31T00:00:00Z,80,4,20
Vaughan,2023-01-01T00:00:00Z,100,0,1
Vaughan,2023-01-02T00:00:00Z,100,0,1
Vaughan,2023-01-03T00:00:00Z,100,0,1
Vaughan,2023-01-04T00:00:00Z,100,0,1
Vaughan,2023-01-05T00:00:00Z,100,0,1
Vaughan,2023-01-06T00:00:00Z,100,0,1
Vaughan,2023-01-07T00:00:00Z,0,1,1
Vaughan,2023-01-08T00:00:00Z,0,1,1
Vaughan,2023-01-09T00:00:00Z,0,1,1
Vaughan,2023-01-10T00:00:00Z,0,1,1
Vaughan,2023-01-11T00:00:00Z,0,1,1
Vaughan,2023-01-12T00:00:00Z,0,1,1
Vaughan,2023-01-13T00:00:00Z,0,1,1
Vaughan,2023-01-14T00:00:00Z,0,1,1
Vaughan,2023-01-15T00:00:00Z,0,1,1
Vaughan,2023-01-16T00:00:00Z,0,1,1
Vaughan,2023-01-17T00:00:00Z,0,1,1
Vaughan,2023-01-18T00:00:00Z,0,1,1
Vaughan,2023-01-19T00:00:00Z,0,1,1
Vaughan,2023-01-20T00:00:00Z,0,1,1
Vaughan,2023-01-21T00:00:00Z,0,1,1
Vaughan,2023-01-22T00:00:00Z,0,1,1
Vaughan,2023-01-23T00:00:00Z,0,1,1
Vaughan,2023-01-24T00:00:00Z,0,1,1
Vaughan,2023-01-25T00:00:00Z,0,1,1
Vaughan,2023-01-26T00:00:00Z,0,1,1
Vaughan,2023-01-27T00:00:00Z,0,1,1
Vaughan,2023-01-28T00:00:00Z,0,1,1
Vaughan,2023-01-29T00:00:00Z,0,1,1
Vaughan,2023-01-30T00:00:00Z,0,1,1
Vaughan,2023-01-31T00:00:00Z,0,1,1
Vaughan,2023-02-01T00:00:00Z,0,1,1
Vaughan,2023-02-02T00:00:00Z,0,1,1
Vaughan,2023-02-03T00:00:00Z,0,1,1
Vaughan,2023-02-04T00:00:00Z,0,1,1
Vaughan,2023-02-05T00:00:00Z,0,1,1
Vaughan,2023-02-06T00:00:00Z,0,1,1
Vaughan,2023-02-07T00:00:00Z,0,1,1
Vaughan,2023-02-08T00:00:00Z,0,1,1
Vaughan,2023-02-09T00:00:00Z,0,1,1
Vaughan,2023-02-10T00:00:00Z,0,1,1
Vaughan,2023-02-11T00:00:00Z,0,1,1
Vaughan,2023-02-12T00:00:00Z,0,1,1
Vaughan,2023-02-13T00:00:00Z,0,1,1
Vaughan,2023-02-14T00:00:00Z,0,1,1
Vaughan,2023-02-15T00:00:00Z,0,1,1
Vaughan,2023-02-16T00:00:00Z,0,1,1
Vaughan,2023-02-17T00:00:00Z,0,1,1
Vaughan,2023-02-18T00:00:00Z,0,1,1
Vaughan,2023-02-19T00:00:00Z,0,1,1
Vaughan,2023-02-20T00:00:00Z,0,1,1
Vaughan,2023-02-21T00:00:00Z,0,1,1
Vaughan,2023-02-22T00:00:00Z,0,1,1
Vaughan,2023-02-23T00:00:00Z,0,1,1
Vaughan,2023-02-24T00:00:00Z,0,1,1
Vaughan,2023-02-25T00:00:00Z,0,1,1
Vaughan,2023-02-26T00:00:00Z,0,1,1
Vaughan,2023-02-27T00:00:00Z,0,1,1
Vaughan,2023-02-28T00:00:00Z,0,1,1
Vaughan,2023-03-01T00:00:00Z,0,1,1
Vaughan,2023-03-02T00:00:00Z,0,1,1
Vaughan,2023-03-03T00:00:00Z,0,1,1
Vaughan,2023-03-04T00:00:00Z,0,1,1
Vaughan,2023-03-05T00:00:00Z,0,1,1
Vaughan,2023-03-06T00:00:00Z,0,1,1
Vaughan,2023-03-07T00:00:00Z,0,1,1
Vaughan,2023-03-08T00:00:00Z,0,1,1
Vaughan,2023-03-09T00:00:00Z,0,1,1
Vaughan,2023-03-10T00:00:00Z,0,1,1
Vaughan,2023-03-11T00:00:00Z,0,1,1
Vaughan,2023-03-12T00:00:00Z,0,1,1
Vaughan,2023-03-13T00:00:00Z,0,1,1
Vaughan,2023-03-14T00:00:00Z,0,1,1
Vaughan,2023-03-15T00:00:00Z,0,1,1
Vaughan,2023-03-16T00:00:00Z,0,1,1
Vaughan,2023-03-17T00:00:00Z,0,1,1
Vaughan,2023-03-18T00:00:00Z,0,1,1
Vaughan,2023-03-19T00:00:00Z,0,1,1
Vaughan,2023-03-20T00:00:00Z,0,1,1
Vaughan,2023-03-21T00:00:00Z,0,1,1
Vaughan,2023-03-22T00:00:00Z,0,1,1
Vaughan,2023-03-23T00:00:00Z,0,1,1
Vaughan,2023-03-24T00:00:00Z,0,1,1
Vaughan,2023-03-25T00:00:00Z,0,1,1
Vaughan,2023-03-26T00:00:00Z,0,1,1
Vaughan,2023-03-27T00:00:00Z,0,1,1
Vaughan,2023-03-28T00:00:00Z,0,1,1
Vaughan,2023-03-29T00:00:00Z,0,1,1
Vaughan,2023-03-30T00:00:00Z,0,1,1
Vaughan,2023-03-31T00:00:00Z,0,1,1
Vaughan,2023-04-01T00:00:00Z,0,1,1
Vaughan,2023-04-02T00:00:00Z,0,1,1
Vaughan,2023-04-03T00:00:00Z,0,1,1
Vaughan,2023-04-04T00:00:00Z,0,1,1
Vaughan,2023-04-05T00:00:00Z,0,1,1
Vaughan,2023-04-06T00:00:00Z,0,1,1
Vaughan,2023-04-07T00:00:00Z,0,1,1
Vaughan,2023-04-08T00:00:00Z,0,1,1
Vaughan,2023-04-09T00:00:00Z,0,1,1
Vaughan,2023-04-10T00:00:00Z,0,1,1
Vaughan,2023-04-11T00:00:00Z,0,1,1
Vaughan,2023-04-12T00:00:00Z,0,1,1
Vaughan,2023-04-13T00:00:00Z,0,1,1
Vaughan,2023-04-14T00:00:00Z,0,1,1
Vaughan,2023-04-15T00:00:00Z,0,1,1
Vaughan,2023-04-16T00:00:00Z,0,1,1
Vaughan,2023-04-17T00:00:00Z,0,1,1
Vaughan,2023-04-18T00:00:00Z,0,1,1
Vaughan,2023-04-19T00:00:00Z,0,1,1
Vaughan,2023-04-20T00:00:00Z,0,1,1
Vaughan,2023-04-21T00:00:00Z,100,0,1
Vaughan,2023-04-22T00:00:00Z,100,0,1
Vaughan,2023-04-23T00:00:00Z,100,0,1
Vaughan,2023-04-24T00:00:00Z,100,0,1
Vaughan,2023-04-25T00:00:00Z,100,0,1
Vaughan,2023-04-26T00:00:00Z,100,0,1
Vaughan,2023-04-27T00:00:00Z,100,0,1
Vaughan,2023-04-28T00:00:00Z,100,0,1
Vaughan,2023-04-29T00:00:00Z,100,0,1
Vaughan,2023-04-30T00:00:00Z,100,0,1
Vaughan,2023-05-01T00:00:00Z,0,1,1
Vaughan,2023-05-02T00:00:00Z,0,1,1
Vaughan,2023-05-03T00:00:00Z,0,1,1
Vaughan,2023-05-04T00:00:00Z,0,1,1
Vaughan,2023-05-05T00:00:00Z,0,1,1
Vaughan,2023-05-06T00:00:00Z,0,1,1
Vaughan,2023-05-07T00:00:00Z,0,1,1
Vaughan,2023-05-08T00:00:00Z,0,1,1
Vaughan,2023-05-09T00:00:00Z,0,1,1
Vaughan,2023-05-10T00:00:00Z,0,1,1
Vaughan,2023-05-11T00:00:00Z,0,1,1
Vaughan,2023-05-12T00:00:00Z,0,1,1
Vaughan,2023-05-13T00:00:00Z,0,1,1
Vaughan,2023-05-14T00:00:00Z,0,1,1
Vaughan,2023-05-15T00:00:00Z,0,1,1
Vaughan,2023-05-16T00:00:00Z,0,1,1
Vaughan,2023-05-17T00:00:00Z,0,1,1
Vaughan,2023-05-18T00:00:00Z,0,1,1
Vaughan,2023-05-19T00:00:00Z,0,1,1
Vaughan,2023-05-20T00:00:00Z,0,1,1
Vaughan,2023-05-21T00:00:00Z,0,1,1
Vaughan,2023-05-22T00:00:00Z,0,1,1
Vaughan,2023-05-23T00:00:00Z,0,1,1
Vaughan,2023-05-24T00:00:00Z,0,1,1
Vaughan,2023-05-25T00:00:00Z,0,1,1
Vaughan,2023-05-26T00:00:00Z,0,1,1
Vaughan,2023-05-27T00:00:00Z,0,1,1
Vaughan,2023-05-28T00:00:00Z,0,1,1
Vaughan,2023-05-29T00:00:00Z,0,1,1
Vaughan,2023-05-30T00:00:00Z,0,1,1
Vaughan,2023-05-31T00:00:00Z,0,1,1
Vaughan,2023-06-01T00:00:00Z,0,1,1
Vaughan,2023-06-02T00:00:00Z,0,1,1
Vaughan,2023-06-03T00:00:00Z,0,1,1
Vaughan,2023-06-04T00:00:00Z,0,1,1
Vaughan,2023-06-05T00:00:00Z,0,1,1
Vaughan,2023-06-06T00:00:00Z,0,1,1
Vaughan,2023-06-07T00:00:00Z,0,1,1
Vaughan,2023-06-08T00:00:00Z,0,1,1
Vaughan,2023-06-09T00:00:00Z,0,1,1
Vaughan,2023-06-10T00:00:00Z,0,1,1
Vaughan,2023-06-11T00:00:00Z,0,1,1
Vaughan,2023-06-12T00:00:00Z,0,1,1
Vaughan,2023-06-13T00:00:00Z,0,1,1
Vaughan,2023-06-14T00:00:00Z,0,1,1
Vaughan,2023-06-15T00:00:00Z,100,0,1
Vaughan,2023-06-16T00:00:00Z,100,0,1
Vaughan,2023-06-17T00:00:00Z,100,0,1
Vaughan,2023-06-18T00:00:00Z,100,0,1
Vaughan,2023-06-19T00:00:00Z,100,0,1
Vaughan,2023-06-20T00:00:00Z,100,0,1
Vaughan,2023-06-21T00:00:00Z,100,0,1
Vaughan,2023-06-22T00:00:00Z,100,0,1
Vaughan,2023-06-23T00:00:00Z,100,0,1
Vaughan,2023-06-24T00:00:00Z,100,0,1
Vaughan,2023-06-25T00:00:00Z,100,0,1
Vaughan,2023-06-26T00:00:00Z,100,0,1
Vaughan,2023-06-27T00:00:00Z,100,0,1
Vaughan,2023-06-28T00:00:00Z,100,0,1
Vaughan,2023-06-29T00:00:00Z,100,0,1
Vaughan,2023-06-30T00:00:00Z,100,0,1
Vaughan,2023-07-01T00:00:00Z,0,1,1
Vaughan,2023-07-02T00:00:00Z,0,1,1
Vaughan,2023-07-03T00:00:00Z,0,1,1
Vaughan,2023-07-04T00:00:00Z,0,1,1
Vaughan,2023-07-05T00:00:00Z,0,1,1
Vaughan,2023-07-06T00:00:00Z,0,1,1
Vaughan,2023-07-07T00:00:00Z,0,1,1
Vaughan,2023-07-08T00:00:00Z,0,1,1
Vaughan,2023-07-09T00:00:00Z,0,1,1
Vaughan,2023-07-10T00:00:00Z,0,1,1
Vaughan,2023-07-11T00:00:00Z,100,0,1
Vaughan,2023-07-12T00:00:00Z,100,0,1
Vaughan,2023-07-13T00:00:00Z,100,0,1
Vaughan,2023-07-14T00:00:00Z,0,1,1
Vaughan,2023-07-15T00:00:00Z,0,1,1
Vaughan,2023-07-16T00:00:00Z,0,1,1
Vaughan,2023-07-17T00:00:00Z,0,1,1
Vaughan,2023-07-18T00:00:00Z,0,1,1
Vaughan,2023-07-19T00:00:00Z,100,0,1
Vaughan,2023-07-20T00:00:00Z,100,0,1
Vaughan,2023-07-21T00:00:00Z,100,0,1
Vaughan,2023-07-22T00:00:00Z,100,0,1
Vaughan,2023-07-23T00:00:00Z,100,0,1
Vaughan,2023-07-24T00:00:00Z,100,0,1
Vaughan,2023-07-25T00:00:00Z,100,0,1
Vaughan,2023-07-26T00:00:00Z,100,0,1
Vaughan,2023-07-27T00:00:00Z,100,0,1
Vaughan,2023-07-28T00:00:00Z,100,0,1
Vaughan,2023-07-29T00:00:00Z,100,0,1
Vaughan,2023-07-30T00:00:00Z,100,0,1
Vaughan,2023-07-31T00:00:00Z,100,0,1
Vaughan,2023-08-01T00:00:00Z,0,1,1
Vaughan,2023-08-02T00:00:00Z,0,1,1
Vaughan,2023-08-03T00:00:00Z,0,1,1
Vaughan,2023-08-04T00:00:00Z,0,1,1
Vaughan,2023-08-05T00:00:00Z,0,1,1
Vaughan,2023-08-06T00:00:00Z,0,1,1
Vaughan,2023-08-07T00:00:00Z,0,1,1
Vaughan,2023-08-08T00:00:00Z,0,1,1
Vaughan,2023-08-09T00:00:00Z,0,1,1
Vaughan,2023-08-10T00:00:00Z,0,1,1
Vaughan,2023-08-11T00:00:00Z,100,0,1
Vaughan,2023-08-12T00:00:00Z,100,0,1
Vaughan,2023-08-13T00:00:00Z,100,0,1
Vaughan,2023-08-14T00:00:00Z,100,0,1
Vaughan,2023-08-15T00:00:00Z,100,0,1
Vaughan,2023-08-16T00:00:00Z,100,0,1
Vaughan,2023-08-17T00:00:00Z,100,0,1
Vaughan,2023-08-18T00:00:00Z,100,0,1
Vaughan,2023-08-19T00:00:00Z,100,0,1
Vaughan,2023-08-20T00:00:00Z,100,0,1
Vaughan,2023-08-21T00:00:00Z,100,0,1
Vaughan,2023-08-22T00:00:00Z,0,1,1
Vaughan,2023-08-23T00:00:00Z,0,1,1
Vaughan,2023-08-24T00:00:00Z,100,0,1
Vaughan,2023-08-25T00:00:00Z,100,0,1
Vaughan,2023-08-26T00:00:00Z,100,0,1
Vaughan,2023-08-27T00:00:00Z,100,0,1
Vaughan,2023-08-28T00:00:00Z,100,0,1
Vaughan,2023-08-29T00:00:00Z,100,0,1
Vaughan,2023-08-30T00:00:00Z,100,0,1
Vaughan,2023-08-31T00:00:00Z,100,0,1
Vaughan,2023-09-01T00:00:00Z,0,1,1
Vaughan,2023-09-02T00:00:00Z,0,1,1
Vaughan,2023-09-03T00:00:00Z,0,1,1
Vaughan,2023-09-04T00:00:00Z,0,1,1
Vaughan,2023-09-05T00:00:00Z,0,1,1
Vaughan,2023-09-06T00:00:00Z,0,1,1
Vaughan,2023-09-07T00:00:00Z,100,0,1
Vaughan,2023-09-08T00:00:00Z,0,1,1
Vaughan,2023-09-09T00:00:00Z,0,1,1
Vaughan,2023-09-10T00:00:00Z,0,1,1
Vaughan,2023-09-11T00:00:00Z,100,0,1
Vaughan,2023-09-12T00:00:00Z,100,0,1
Vaughan,2023-09-13T00:00:00Z,100,0,1
Vaughan,2023-09-14T00:00:00Z,100,0,1
Vaughan,2023-09-15T00:00:00Z,100,0,1
Vaughan,2023-09-16T00:00:00Z,100,0,1
Vaughan,2023-09-17T00:00:00Z,100,0,1
Vaughan,2023-09-18T00:00:00Z,100,0,1
Vaughan,2023-09-19T00:00:00Z,0,1,1
Vaughan,2023-09-20T00:00:00Z,0,1,1
Vaughan,2023-09-21T00:00:00Z,0,1,1
Vaughan,2023-09-22T00:00:00Z,0,1,1
Vaughan,2023-09-23T00:00:00Z,0,1,1
Vaughan,2023-09-24T00:00:00Z,0,1,1
Vaughan,2023-09-25T00:00:00Z,0,1,1
Vaughan,2023-09-26T00:00:00Z,0,1,1
Vaughan,2023-09-27T00:00:00Z,0,1,1
Vaughan,2023-09-28T00:00:00Z,0,1,1
Vaughan,2023-09-29T00:00:00Z,0,1,1
Vaughan,2023-09-30T00:00:00Z,0,1,1
Vaughan,2023-10-01T00:00:00Z,0,1,1
Vaughan,2023-10-02T00:00:00Z,0,1,1
Vaughan,2023-10-03T00:00:00Z,100,0,1
Vaughan,2023-10-04T00:00:00Z,100,0,1
Vaughan,2023-10-05T00:00:00Z,100,0,1
Vaughan,2023-10-06T00:00:00Z,0,1,1
Vaughan,2023-10-07T00:00:00Z,0,1,1
Vaughan,2023-10-08T00:00:00Z,0,1,1
Vaughan,2023-10-09T00:00:00Z,0,1,1
Vaughan,2023-10-10T00:00:00Z,0,1,1
Vaughan,2023-10-11T00:00:00Z,100,0,1
Vaughan,2023-10-12T00:00:00Z,100,0,1
Vaughan,2023-10-13T00:00:00Z,100,0,1
Vaughan,2023-10-14T00:00:00Z,100,0,1
Vaughan,2023-10-15T00:00:00Z,0,1,1
Vaughan,2023-10-16T00:00:00Z,0,1,1
Vaughan,2023-10-17T00:00:00Z,0,1,1
Vaughan,2023-10-18T00:00:00Z,0,1,1
Vaughan,2023-10-19T00:00:00Z,0,1,1
Vaughan,2023-10-20T00:00:00Z,0,1,1
Vaughan,2023-10-21T00:00:00Z,0,1,1
Vaughan,2023-10-22T00:00:00Z,100,0,1
Vaughan,2023-10-23T00:00:00Z,100,0,1
Vaughan,2023-10-24T00:00:00Z,100,0,1
Vaughan,2023-10-25T00:00:00Z,100,0,1
Vaughan,2023-10-26T00:00:00Z,100,0,1
Vaughan,2023-10-27T00:00:00Z,100,0,1
Vaughan,2023-10-28T00:00:00Z,100,0,1
Vaughan,2023-10-29T00:00:00Z,100,0,1
Vaughan,2023-10-30T00:00:00Z,100,0,1
Vaughan,2023-10-31T00:00:00Z,100,0,1
Vaughan,2023-11-01T00:00:00Z,100,0,1
Vaughan,2023-11-02T00:00:00Z,100,0,1
Vaughan,2023-11-03T00:00:00Z,100,0,1
Vaughan,2023-11-04T00:00:00Z,100,0,1
Vaughan,2023-11-05T00:00:00Z,100,0,1
Vaughan,2023-11-06T00:00:00Z,0,1,1
Vaughan,2023-11-07T00:00:00Z,0,1,1
Vaughan,2023-11-08T00:00:00Z,0,1,1
Vaughan,2023-11-09T00:00:00Z,0,1,1
Vaughan,2023-11-10T00:00:00Z,0,1,1
Vaughan,2023-11-11T00:00:00Z,0,1,1
Vaughan,2023-11-12T00:00:00Z,0,1,1
Vaughan,2023-11-13T00:00:00Z,0,1,1
Vaughan,2023-11-14T00:00:00Z,0,1,1
Vaughan,2023-11-15T00:00:00Z,0,1,1
Vaughan,2023-11-16T00:00:00Z,0,1,1
Vaughan,2023-11-17T00:00:00Z,0,1,1
Vaughan,2023-11-18T00:00:00Z,0,1,1
Vaughan,2023-11-19T00:00:00Z,0,1,1
Vaughan,2023-11-20T00:00:00Z,0,1,1
Vaughan,2023-11-21T00:00:00Z,0,1,1
Vaughan,2023-11-22T00:00:00Z,0,1,1
Vaughan,2023-11-23T00:00:00Z,0,1,1
Vaughan,2023-11-24T00:00:00Z,0,1,1
Vaughan,2023-11-25T00:00:00Z,0,1,1
Vaughan,2023-11-26T00:00:00Z,0,1,1
Vaughan,2023-11-27T00:00:00Z,0,1,1
Vaughan,2023-11-28T00:00:00Z,100,0,1
Vaughan,2023-11-29T00:00:00Z,0,1,1
Vaughan,2023-11-30T00:00:00Z,0,1,1
Vaughan,2023-12-01T00:00:00Z,100,0,1
Vaughan,2023-12-02T00:00:00Z,100,0,1
Vaughan,2023-12-03T00:00:00Z,100,0,1
Vaughan,2023-12-04T00:00:00Z,0,1,1
Vaughan,2023-12-05T00:00:00Z,0,1,1
Vaughan,2023-12-06T00:00:00Z,0,1,1
Vaughan,2023-12-07T00:00:00Z,0,1,1
Vaughan,2023-12-08T00:00:00Z,0,1,1
Vaughan,2023-12-09T00:00:00Z,0,1,1
Vaughan,2023-12-10T00:00:00Z,0,1,1
Vaughan,2023-12-11T00:00:00Z,0,1,1
Vaughan,2023-12-12T00:00:00Z,0,1,1
Vaughan,2023-12-13T00:00:00Z,0,1,1
Vaughan,2023-12-14T00:00:00Z,0,1,1
Vaughan,2023-12-15T00:00:00Z,0,1,1
Vaughan,2023-12-16T00:00:00Z,0,1,1
Vaughan,2023-12-17T00:00:00Z,0,1,1
Vaughan,2023-12-18T00:00:00Z,0,1,1
Vaughan,2023-12-19T00:00:00Z,0,1,1
Vaughan,2023-12-20T00:00:00Z,0,1,1
Vaughan,2023-12-21T00:00:00Z,0,1,1
Vaughan,2023-12-22T00:00:00Z,0,1,1
Vaughan,2023-12-23T00:00:00Z,0,1,1
Vaughan,2023-12-24T00:00:00Z,0,1,1
Vaughan,2023-12-25T00:00:00Z,0,1,1
Vaughan,2023-12-26T00:00:00Z,0,1,1
Vaughan,2023-12-27T00:00:00Z,0,1,1
Vaughan,2023-12-28T00:00:00Z,0,1,1
Vaughan,2023-12-29T00:00:00Z,0,1,1
Vaughan,2023-12-30T00:00:00Z,0,1,1
Vaughan,2023-12-31T00:00:00Z,0,1,1
